Sample ID,BeadChip Barcode,Sentrix Position,Plate Number,Well Position,Collected Gender
7801657,205695340025,R01C01,Plate_01,A01,Male
7801681,205695340025,R02C01,Plate_01,B01,Female
7801723,205695340025,R03C01,Plate_01,C01,Male
7801764,205695340025,R04C01,Plate_01,D01,Female
7801806,205695340025,R05C01,Plate_01,E01,Female
7801848,205695340025,R06C01,Plate_01,F01,Male
7801889,205695340025,R07C01,Plate_01,G01,Male
7801921,205695340025,R08C01,Plate_01,H01,Male
7801962,205695340026,R01C01,Plate_01,A02,Male
7802002,205695340026,R02C01,Plate_01,B02,Male
7802044,205695340026,R03C01,Plate_01,C02,Male
7802085,205695340026,R04C01,Plate_01,D02,Female
7802135,205695340026,R05C01,Plate_01,E02,Male
7810112,205695340026,R06C01,Plate_01,F02,Female
7810179,205695340026,R07C01,Plate_01,G02,Male
7810294,205695340026,R08C01,Plate_01,H02,Female
7810351,205695340034,R01C01,Plate_01,A03,Male
7810666,205695340034,R02C01,Plate_01,B03,Male
7810708,205695340034,R03C01,Plate_01,C03,Male
7810740,205695340034,R04C01,Plate_01,D03,Male
7810781,205695340034,R05C01,Plate_01,E03,Female
7810872,205695340034,R06C01,Plate_01,F03,Male
7810914,205695340034,R07C01,Plate_01,G03,Male
7810955,205695340034,R08C01,Plate_01,H03,Male
7810997,205695340070,R01C01,Plate_01,A04,Male
7798986,205695340070,R02C01,Plate_01,B04,Male
7802192,205695340070,R03C01,Plate_01,C04,Female
7802259,205695340070,R04C01,Plate_01,D04,Male
7802325,205695340070,R05C01,Plate_01,E04,Male
7802358,205695340070,R06C01,Plate_01,F04,Female
7802465,205695340070,R07C01,Plate_01,G04,Male
7802499,205695340070,R08C01,Plate_01,H04,Female
7802580,205695340072,R01C01,Plate_01,A05,Female
7809940,205695340072,R02C01,Plate_01,B05,Female
7809981,205695340072,R03C01,Plate_01,C05,Male
7810385,205695340072,R04C01,Plate_01,D05,Male
7810443,205695340072,R05C01,Plate_01,E05,Female
7810500,205695340072,R06C01,Plate_01,F05,Male
7810567,205695340072,R07C01,Plate_01,G05,Male
7802614,205695340072,R08C01,Plate_01,H05,Female
7802762,205695340080,R01C01,Plate_01,A06,Male
7810021,205695340080,R02C01,Plate_01,B06,Male
7811045,205695340080,R03C01,Plate_01,C06,Female
7809635,205695340080,R04C01,Plate_01,D06,Female
7809668,205695340080,R05C01,Plate_01,E06,Male
7809692,205695340080,R06C01,Plate_01,F06,Male
7810054,205695340080,R07C01,Plate_01,G06,Female
7810088,205695340080,R08C01,Plate_01,H06,Female
7800030,205695340002,R01C01,Plate_01,A07,Female
7800063,205695340002,R02C01,Plate_01,B07,Female
7809726,205695340002,R03C01,Plate_01,C07,Female
7800097,205695340002,R04C01,Plate_01,D07,Female
7800121,205695340002,R05C01,Plate_01,E07,Male
7800154,205695340002,R06C01,Plate_01,F07,Male
7800188,205695340002,R07C01,Plate_01,G07,Female
7809759,205695340002,R08C01,Plate_01,H07,Male
7809783,205695340030,R01C01,Plate_01,A08,Female
7795206,205695340030,R02C01,Plate_01,B08,Male
7795495,205695340030,R03C01,Plate_01,C08,Male
7795529,205695340030,R04C01,Plate_01,D08,Male
7795560,205695340030,R05C01,Plate_01,E08,Female
7795719,205695340030,R06C01,Plate_01,F08,Female
7795743,205695340030,R07C01,Plate_01,G08,Female
7795776,205695340030,R08C01,Plate_01,H08,Female
7795800,205695340052,R01C01,Plate_01,A09,Male
7795834,205695340052,R02C01,Plate_01,B09,Female
7795958,205695340052,R03C01,Plate_01,C09,Male
7795982,205695340052,R04C01,Plate_01,D09,Female
7796022,205695340052,R05C01,Plate_01,E09,Female
7796063,205695340052,R06C01,Plate_01,F09,Female
7796105,205695340052,R07C01,Plate_01,G09,Female
7796220,205695340052,R08C01,Plate_01,H09,Male
7796311,205695340049,R01C01,Plate_01,A10,Male
7796345,205695340049,R02C01,Plate_01,B10,Female
7796378,205695340049,R03C01,Plate_01,C10,Female
7796410,205695340049,R04C01,Plate_01,D10,Male
7796253,205695340049,R05C01,Plate_01,E10,Female
7802911,205695340049,R06C01,Plate_01,F10,Male
7802945,205695340049,R07C01,Plate_01,G10,Female
7802978,205695340049,R08C01,Plate_01,H10,Female
7803000,205695340054,R01C01,Plate_01,A11,Female
7803034,205695340054,R02C01,Plate_01,B11,Male
7803067,205695340054,R03C01,Plate_01,C11,Female
7803091,205695340054,R04C01,Plate_01,D11,Male
7803125,205695340054,R05C01,Plate_01,E11,Male
7803158,205695340054,R06C01,Plate_01,F11,Male
7803182,205695340054,R07C01,Plate_01,G11,Male
7803216,205695340054,R08C01,Plate_01,H11,Female
7803273,205695340084,R01C01,Plate_01,A12,Male
7803307,205695340084,R02C01,Plate_01,B12,Female
7803331,205695340084,R03C01,Plate_01,C12,Male
7803364,205695340084,R04C01,Plate_01,D12,Male
7803398,205695340084,R05C01,Plate_01,E12,Female
7803422,205695340084,R06C01,Plate_01,F12,Female
7803455,205695340084,R07C01,Plate_01,G12,Male
7803489,205695340084,R08C01,Plate_01,H12,Male
7830276,206680900126,R01C01,Plate_10,A01,Male
7830300,206680900126,R02C01,Plate_10,B01,Male
7830334,206680900126,R03C01,Plate_10,C01,Male
7830367,206680900126,R04C01,Plate_10,D01,Male
7840838,206680900126,R05C01,Plate_10,E01,Male
7840861,206680900126,R06C01,Plate_10,F01,Female
7840895,206680900126,R07C01,Plate_10,G01,Male
7840929,206680900126,R08C01,Plate_10,H01,Male
7840952,206680910027,R01C01,Plate_10,A02,Male
7846355,206680910027,R02C01,Plate_10,B02,Female
7846389,206680910027,R03C01,Plate_10,C02,Male
7846413,206680910027,R04C01,Plate_10,D02,Female
7846447,206680910027,R05C01,Plate_10,E02,Male
7846470,206680910027,R06C01,Plate_10,F02,Female
7846504,206680910027,R07C01,Plate_10,G02,Male
7846538,206680910027,R08C01,Plate_10,H02,Female
7846561,206680910037,R01C01,Plate_10,A03,Female
7841075,206680910037,R02C01,Plate_10,B03,Male
7841109,206680910037,R03C01,Plate_10,C03,Female
7841133,206680910037,R04C01,Plate_10,D03,Male
7841166,206680910037,R05C01,Plate_10,E03,Female
7841190,206680910037,R06C01,Plate_10,F03,Male
7841224,206680910037,R07C01,Plate_10,G03,Male
7841315,206680910037,R08C01,Plate_10,H03,Female
7841349,206680910047,R01C01,Plate_10,A04,Male
7841372,206680910047,R02C01,Plate_10,B04,Female
7841406,206680910047,R03C01,Plate_10,C04,Male
7841430,206680910047,R04C01,Plate_10,D04,Male
7847072,206680910047,R05C01,Plate_10,E04,Male
7847106,206680910047,R06C01,Plate_10,F04,Male
7847130,206680910047,R07C01,Plate_10,G04,Male
7847163,206680910047,R08C01,Plate_10,H04,Male
7847197,206680910070,R01C01,Plate_10,A05,Male
7847221,206680910070,R02C01,Plate_10,B05,Female
7847254,206680910070,R03C01,Plate_10,C05,Male
7847288,206680910070,R04C01,Plate_10,D05,Male
7841463,206680910070,R05C01,Plate_10,E05,Male
7841497,206680910070,R06C01,Plate_10,F05,Male
7841521,206680910070,R07C01,Plate_10,G05,Male
7842032,206680910070,R08C01,Plate_10,H05,Male
7842065,206680910097,R01C01,Plate_10,A06,Female
7842099,206680910097,R02C01,Plate_10,B06,Male
7842123,206680910097,R03C01,Plate_10,C06,Male
7842156,206680910097,R04C01,Plate_10,D06,Male
7844913,206680910097,R05C01,Plate_10,E06,Male
7844947,206680910097,R06C01,Plate_10,F06,Female
7844970,206680910097,R07C01,Plate_10,G06,Male
7845001,206680910097,R08C01,Plate_10,H06,Male
7845035,206680900133,R01C01,Plate_10,A07,Female
7845068,206680900133,R02C01,Plate_10,B07,Male
7845092,206680900133,R03C01,Plate_10,C07,Male
7845126,206680900133,R04C01,Plate_10,D07,Male
7840986,206680900133,R05C01,Plate_10,E07,Female
7841018,206680900133,R06C01,Plate_10,F07,Male
7842180,206680900133,R07C01,Plate_10,G07,Female
7842214,206680900133,R08C01,Plate_10,H07,Male
7842248,206680900170,R01C01,Plate_10,A08,Female
7842990,206680900170,R02C01,Plate_10,B08,Male
7843022,206680900170,R03C01,Plate_10,C08,Male
7843055,206680900170,R04C01,Plate_10,D08,Male
7843089,206680900170,R05C01,Plate_10,E08,Female
7843113,206680900170,R06C01,Plate_10,F08,Male
7845639,206680900170,R07C01,Plate_10,G08,Male
7845662,206680900170,R08C01,Plate_10,H08,Male
7845696,206680900045,R01C01,Plate_10,A09,Male
7845720,206680900045,R02C01,Plate_10,B09,Male
7845753,206680900045,R03C01,Plate_10,C09,Male
7845787,206680900045,R04C01,Plate_10,D09,Male
7841794,206680900045,R05C01,Plate_10,E09,Female
7841828,206680900045,R06C01,Plate_10,F09,Male
7841851,206680900045,R07C01,Plate_10,G09,Female
7841885,206680900045,R08C01,Plate_10,H09,Female
7843170,206680900094,R01C01,Plate_10,A10,Male
7843204,206680900094,R02C01,Plate_10,B10,Female
7843477,206680900094,R03C01,Plate_10,C10,Male
7843501,206680900094,R04C01,Plate_10,D10,Female
7843535,206680900094,R05C01,Plate_10,E10,Male
7843568,206680900094,R06C01,Plate_10,F10,Male
7843592,206680900094,R07C01,Plate_10,G10,Female
7843626,206680900094,R08C01,Plate_10,H10,Female
7843659,206680900121,R01C01,Plate_10,A11,Male
7843683,206680900121,R02C01,Plate_10,B11,Female
7843717,206680900121,R03C01,Plate_10,C11,Male
7843741,206680900121,R04C01,Plate_10,D11,Female
7843774,206680900121,R05C01,Plate_10,E11,Male
7843808,206680900121,R06C01,Plate_10,F11,Female
7843832,206680900121,R07C01,Plate_10,G11,Male
7843865,206680900121,R08C01,Plate_10,H11,Female
7845811,206680900122,R01C01,Plate_10,A12,Female
7845845,206680900122,R02C01,Plate_10,B12,Male
7847791,206680900122,R03C01,Plate_10,C12,Female
7847825,206680900122,R04C01,Plate_10,D12,Male
7847858,206680900122,R05C01,Plate_10,E12,Female
7847882,206680900122,R06C01,Plate_10,F12,Female
7847916,206680900122,R07C01,Plate_10,G12,Male
7847940,206680900122,R08C01,Plate_10,H12,Female
7847973,206680900130,R01C01,Plate_11,A01,Male
7848005,206680900130,R02C01,Plate_11,B01,Male
7842511,206680900130,R03C01,Plate_11,C01,Male
7842545,206680900130,R04C01,Plate_11,D01,Male
7842578,206680900130,R05C01,Plate_11,E01,Female
7843899,206680900130,R06C01,Plate_11,F01,Female
7843923,206680900130,R07C01,Plate_11,G01,Female
7844434,206680900130,R08C01,Plate_11,H01,Male
7844467,206680900131,R01C01,Plate_11,A02,Male
7841257,206680900131,R02C01,Plate_11,B02,Male
7842602,206680900131,R03C01,Plate_11,C02,Male
7842636,206680900131,R04C01,Plate_11,D02,Female
7842669,206680900131,R05C01,Plate_11,E02,Female
7842693,206680900131,R06C01,Plate_11,F02,Male
7844491,206680900131,R07C01,Plate_11,G02,Female
7842727,206680900131,R08C01,Plate_11,H02,Female
7840598,206680900132,R01C01,Plate_11,A03,Female
7840622,206680900132,R02C01,Plate_11,B03,Male
7840655,206680900132,R03C01,Plate_11,C03,Female
7840689,206680900132,R04C01,Plate_11,D03,Male
7840713,206680900132,R05C01,Plate_11,E03,Male
7840747,206680900132,R06C01,Plate_11,F03,Male
7841281,206680900132,R07C01,Plate_11,G03,Female
7844525,206680900132,R08C01,Plate_11,H03,Male
7844558,206680900134,R01C01,Plate_11,A04,Male
7830391,206680900134,R02C01,Plate_11,B04,Female
7830425,206680900134,R03C01,Plate_11,C04,Male
7830458,206680900134,R04C01,Plate_11,D04,Male
7844582,206680900134,R05C01,Plate_11,E04,Male
7844616,206680900134,R06C01,Plate_11,F04,Male
7847312,206680900134,R07C01,Plate_11,G04,Male
7847346,206680900134,R08C01,Plate_11,H04,Male
7847379,206680900006,R01C01,Plate_11,A05,Male
7804420,206680900006,R02C01,Plate_11,B05,Male
7804453,206680900006,R03C01,Plate_11,C05,Male
7804487,206680900006,R04C01,Plate_11,D05,Male
7804834,206680900006,R05C01,Plate_11,E05,Male
7830482,206680900006,R06C01,Plate_11,F05,Male
7844640,206680900006,R07C01,Plate_11,G05,Male
7845159,206680900006,R08C01,Plate_11,H05,Male
7845183,206680900018,R01C01,Plate_11,A06,Female
7847403,206680900018,R02C01,Plate_11,B06,Male
7847437,206680900018,R03C01,Plate_11,C06,Male
7847460,206680900018,R04C01,Plate_11,D06,Male
7804511,206680900018,R05C01,Plate_11,E06,Female
7804545,206680900018,R06C01,Plate_11,F06,Female
7804578,206680900018,R07C01,Plate_11,G06,Female
7845225,206680900018,R08C01,Plate_11,H06,Male
7845258,206680900019,R01C01,Plate_11,A07,Male
7845282,206680900019,R02C01,Plate_11,B07,Male
7846595,206680900019,R03C01,Plate_11,C07,Male
7846629,206680900019,R04C01,Plate_11,D07,Male
7846652,206680900019,R05C01,Plate_11,E07,Female
7846686,206680900019,R06C01,Plate_11,F07,Male
7847502,206680900019,R07C01,Plate_11,G07,Male
7847536,206680900019,R08C01,Plate_11,H07,Male
7804602,206680900023,R01C01,Plate_11,A08,Male
7804636,206680900023,R02C01,Plate_11,B08,Female
7804669,206680900023,R03C01,Plate_11,C08,Male
7804693,206680900023,R04C01,Plate_11,D08,Male
7804727,206680900023,R05C01,Plate_11,E08,Male
7815392,206680900023,R06C01,Plate_11,F08,Male
7815426,206680900023,R07C01,Plate_11,G08,Female
7815459,206680900023,R08C01,Plate_11,H08,Male
7815483,206680900034,R01C01,Plate_11,A09,Male
7845316,206680900034,R02C01,Plate_11,B09,Male
7845340,206680900034,R03C01,Plate_11,C09,Male
7845373,206680900034,R04C01,Plate_11,D09,Female
7845886,206680900034,R05C01,Plate_11,E09,Male
7845910,206680900034,R06C01,Plate_11,F09,Male
7804750,206680900034,R07C01,Plate_11,G09,Female
7804784,206680900034,R08C01,Plate_11,H09,Male
7804818,206680900035,R01C01,Plate_11,A10,Female
7814916,206680900035,R02C01,Plate_11,B10,Male
7815517,206680900035,R03C01,Plate_11,C10,Female
7815889,206680900035,R04C01,Plate_11,D10,Male
7815913,206680900035,R05C01,Plate_11,E10,Male
7815947,206680900035,R06C01,Plate_11,F10,Male
7815970,206680900035,R07C01,Plate_11,G10,Male
7845944,206680900035,R08C01,Plate_11,H10,Male
7845977,206680900036,R01C01,Plate_11,A11,Male
7846710,206680900036,R02C01,Plate_11,B11,Male
7846744,206680900036,R03C01,Plate_11,C11,Male
7846777,206680900036,R04C01,Plate_11,D11,Female
7846801,206680900036,R05C01,Plate_11,E11,Male
7815541,206680900036,R06C01,Plate_11,F11,Male
7815574,206680900036,R07C01,Plate_11,G11,Male
7815608,206680900036,R08C01,Plate_11,H11,Male
7816002,206680900037,R01C01,Plate_11,A12,Male
7816036,206680900037,R02C01,Plate_11,B12,Male
7816069,206680900037,R03C01,Plate_11,C12,Male
7816119,206680900037,R04C01,Plate_11,D12,Male
7816143,206680900037,R05C01,Plate_11,E12,Male
7816176,206680900037,R06C01,Plate_11,F12,Male
7816846,206680900037,R07C01,Plate_11,G12,Male
7816879,206680900037,R08C01,Plate_11,H12,Male
7846009,206680910077,R01C01,Plate_12,A01,Male
7846033,206680910077,R02C01,Plate_12,B01,Female
7846066,206680910077,R03C01,Plate_12,C01,Female
7846090,206680910077,R04C01,Plate_12,D01,Male
7815368,206680910077,R05C01,Plate_12,E01,Male
7816200,206680910077,R06C01,Plate_12,F01,Male
7816234,206680910077,R07C01,Plate_12,G01,Male
7816267,206680910077,R08C01,Plate_12,H01,Male
7816291,206680910078,R01C01,Plate_12,A02,Male
7816903,206680910078,R02C01,Plate_12,B02,Male
7816937,206680910078,R03C01,Plate_12,C02,Male
7816960,206680910078,R04C01,Plate_12,D02,Female
7816994,206680910078,R05C01,Plate_12,E02,Male
7817026,206680910078,R06C01,Plate_12,F02,Male
7817075,206680910078,R07C01,Plate_12,G02,Male
7817109,206680910078,R08C01,Plate_12,H02,Female
7815152,206680910094,R01C01,Plate_12,A03,Male
7815186,206680910094,R02C01,Plate_12,B03,Male
7815210,206680910094,R03C01,Plate_12,C03,Male
7815244,206680910094,R04C01,Plate_12,D03,Female
7817133,206680910094,R05C01,Plate_12,E03,Female
7817166,206680910094,R06C01,Plate_12,F03,Male
7817190,206680910094,R07C01,Plate_12,G03,Male
7817224,206680910094,R08C01,Plate_12,H03,Male
7817257,206680910095,R01C01,Plate_12,A04,Male
7817281,206680910095,R02C01,Plate_12,B04,Male
7815285,206680910095,R03C01,Plate_12,C04,Male
7815632,206680910095,R04C01,Plate_12,D04,Female
7815665,206680910095,R05C01,Plate_12,E04,Male
7816358,206680910095,R06C01,Plate_12,F04,Male
7850910,206680910095,R07C01,Plate_12,G04,Male
7850944,206680910095,R08C01,Plate_12,H04,Male
7850977,206680900017,R01C01,Plate_12,A05,Male
7851009,206680900017,R02C01,Plate_12,B05,Male
7851033,206680900017,R03C01,Plate_12,C05,Male
7815319,206680900017,R04C01,Plate_12,D05,Female
7816382,206680900017,R05C01,Plate_12,E05,Female
7816416,206680900017,R06C01,Plate_12,F05,Female
7816440,206680900017,R07C01,Plate_12,G05,Male
7816473,206680900017,R08C01,Plate_12,H05,Male
7837958,206680900021,R01C01,Plate_12,A06,Male
7851066,206680900021,R02C01,Plate_12,B06,Male
7851090,206680900021,R03C01,Plate_12,C06,Female
7851124,206680900021,R04C01,Plate_12,D06,Male
7814957,206680900021,R05C01,Plate_12,E06,Female
7816325,206680900021,R06C01,Plate_12,F06,Male
7816507,206680900021,R07C01,Plate_12,G06,Male
7816549,206680900021,R08C01,Plate_12,H06,Female
7816598,206680900022,R01C01,Plate_12,A07,Female
7816622,206680900022,R02C01,Plate_12,B07,Male
7837982,206680900022,R03C01,Plate_12,C07,Male
7838014,206680900022,R04C01,Plate_12,D07,Male
7838048,206680900022,R05C01,Plate_12,E07,Male
7838071,206680900022,R06C01,Plate_12,F07,Male
7838105,206680900022,R07C01,Plate_12,G07,Male
7838139,206680900022,R08C01,Plate_12,H07,Female
7815723,206680900024,R01C01,Plate_12,A08,Female
7815756,206680900024,R02C01,Plate_12,B08,Female
7816655,206680900024,R03C01,Plate_12,C08,Male
7816689,206680900024,R04C01,Plate_12,D08,Female
7816713,206680900024,R05C01,Plate_12,E08,Female
7838162,206680900024,R06C01,Plate_12,F08,Male
7850191,206680900024,R07C01,Plate_12,G08,Female
7850225,206680900024,R08C01,Plate_12,H08,Male
7850258,206680900025,R01C01,Plate_12,A09,Male
7850282,206680900025,R02C01,Plate_12,B09,Female
7815780,206680900025,R03C01,Plate_12,C09,Male
7815814,206680900025,R04C01,Plate_12,D09,Male
7815848,206680900025,R05C01,Plate_12,E09,Male
7816754,206680900025,R06C01,Plate_12,F09,Male
7816788,206680900025,R07C01,Plate_12,G09,Female
7839152,206680900025,R08C01,Plate_12,H09,Male
7839186,206680900026,R01C01,Plate_12,A10,Male
7839210,206680900026,R02C01,Plate_12,B10,Male
7839244,206680900026,R03C01,Plate_12,C10,Male
7850316,206680900026,R04C01,Plate_12,D10,Male
7850340,206680900026,R05C01,Plate_12,E10,Male
7850373,206680900026,R06C01,Plate_12,F10,Female
7850670,206680900026,R07C01,Plate_12,G10,Male
7850704,206680900026,R08C01,Plate_12,H10,Female
7817315,206680900048,R01C01,Plate_12,A11,Male
7817349,206680900048,R02C01,Plate_12,B11,Female
7817372,206680900048,R03C01,Plate_12,C11,Male
7817406,206680900048,R04C01,Plate_12,D11,Male
7839277,206680900048,R05C01,Plate_12,E11,Male
7839301,206680900048,R06C01,Plate_12,F11,Male
7839335,206680900048,R07C01,Plate_12,G11,Male
7839368,206680900048,R08C01,Plate_12,H11,Male
7848518,206680900052,R01C01,Plate_12,A12,Male
7848542,206680900052,R02C01,Plate_12,B12,Male
7848575,206680900052,R03C01,Plate_12,C12,Male
7849474,206680900052,R04C01,Plate_12,D12,Male
7849508,206680900052,R05C01,Plate_12,E12,Male
7850407,206680900052,R06C01,Plate_12,F12,Male
7817430,206680900052,R07C01,Plate_12,G12,Male
7817463,206680900052,R08C01,Plate_12,H12,Female
7817497,206680910008,R01C01,Plate_13,A01,Male
7817521,206680910008,R02C01,Plate_13,B01,Female
7848609,206680910008,R03C01,Plate_13,C01,Male
7848633,206680910008,R04C01,Plate_13,D01,Male
7848666,206680910008,R05C01,Plate_13,E01,Female
7848690,206680910008,R06C01,Plate_13,F01,Female
7848724,206680910008,R07C01,Plate_13,G01,Male
7849532,206680910008,R08C01,Plate_13,H01,Male
7849565,206675210011,R01C01,Plate_13,A02,Male
7849599,206675210011,R02C01,Plate_13,B02,Male
7849623,206675210011,R03C01,Plate_13,C02,Female
7849714,206675210011,R04C01,Plate_13,D02,Male
7837719,206675210011,R05C01,Plate_13,E02,Male
7837743,206675210011,R06C01,Plate_13,F02,Male
7837776,206675210011,R07C01,Plate_13,G02,Male
7837800,206675210011,R08C01,Plate_13,H02,Male
7837834,206680910014,R01C01,Plate_13,A03,Male
7837867,206680910014,R02C01,Plate_13,B03,Male
7837891,206680910014,R03C01,Plate_13,C03,Male
7849656,206680910014,R04C01,Plate_13,D03,Male
7849680,206680910014,R05C01,Plate_13,E03,Female
7849755,206680910014,R06C01,Plate_13,F03,Female
7850738,206680910014,R07C01,Plate_13,G03,Male
7838923,206680910014,R08C01,Plate_13,H03,Male
7839632,206675210024,R01C01,Plate_13,A04,Male
7839665,206675210024,R02C01,Plate_13,B04,Male
7839699,206675210024,R03C01,Plate_13,C04,Male
7839723,206675210024,R04C01,Plate_13,D04,Male
7839756,206675210024,R05C01,Plate_13,E04,Male
7839780,206675210024,R06C01,Plate_13,F04,Male
7839814,206675210024,R07C01,Plate_13,G04,Male
7849789,206675210024,R08C01,Plate_13,H04,Female
7849813,206649210045,R01C01,Plate_13,A05,Male
7849847,206649210045,R02C01,Plate_13,B05,Male
7849870,206649210045,R03C01,Plate_13,C05,Male
7849904,206649210045,R04C01,Plate_13,D05,Male
7849938,206649210045,R05C01,Plate_13,E05,Female
7848401,206649210045,R06C01,Plate_13,F05,Male
7838956,206649210045,R07C01,Plate_13,G05,Female
7838980,206649210045,R08C01,Plate_13,H05,Male
7839012,206680900172,R01C01,Plate_13,A06,Male
7839046,206680900172,R02C01,Plate_13,B06,Male
7839079,206680900172,R03C01,Plate_13,C06,Male
7839103,206680900172,R04C01,Plate_13,D06,Male
7839855,206680900172,R05C01,Plate_13,E06,Male
7848286,206680900172,R06C01,Plate_13,F06,Male
7848310,206680900172,R07C01,Plate_13,G06,Male
7848344,206680900172,R08C01,Plate_13,H06,Male
7848377,206680900173,R01C01,Plate_13,A07,Male
7848435,206680900173,R02C01,Plate_13,B07,Female
7850431,206680900173,R03C01,Plate_13,C07,Female
7838196,206680900173,R04C01,Plate_13,D07,Male
7840127,206680900173,R05C01,Plate_13,E07,Female
7840150,206680900173,R06C01,Plate_13,F07,Male
7840184,206680900173,R07C01,Plate_13,G07,Male
7840218,206680900173,R08C01,Plate_13,H07,Male
7840242,206680900179,R01C01,Plate_13,A08,Male
7840275,206680900179,R02C01,Plate_13,B08,Female
7848468,206680900179,R03C01,Plate_13,C08,Male
7848492,206680900179,R04C01,Plate_13,D08,Female
7850464,206680900179,R05C01,Plate_13,E08,Female
7850498,206680900179,R06C01,Plate_13,F08,Male
7850548,206680900179,R07C01,Plate_13,G08,Male
7850761,206680900179,R08C01,Plate_13,H08,Male
7850795,206680900124,R01C01,Plate_13,A09,Female
7850829,206680900124,R02C01,Plate_13,B09,Male
7850852,206680900124,R03C01,Plate_13,C09,Male
7850886,206680900124,R04C01,Plate_13,D09,Female
7814981,206680900124,R05C01,Plate_13,E09,Male
7815012,206680900124,R06C01,Plate_13,F09,Female
7815046,206680900124,R07C01,Plate_13,G09,Male
7815079,206680900124,R08C01,Plate_13,H09,Male
7815103,206680910026,R01C01,Plate_13,A10,Male
7815137,206680910026,R02C01,Plate_13,B10,Male
7838436,206680910026,R03C01,Plate_13,C10,Male
7838469,206680910026,R04C01,Plate_13,D10,Male
7838493,206680910026,R05C01,Plate_13,E10,Male
7838527,206680910026,R06C01,Plate_13,F10,Male
7838550,206680910026,R07C01,Plate_13,G10,Male
7838584,206680910026,R08C01,Plate_13,H10,Female
7838618,206680900146,R01C01,Plate_13,A11,Male
7838642,206680900146,R02C01,Plate_13,B11,Male
7840317,206680900146,R03C01,Plate_13,C11,Male
7840358,206680900146,R04C01,Plate_13,D11,Male
7840416,206680900146,R05C01,Plate_13,E11,Male
7840440,206680900146,R06C01,Plate_13,F11,Male
7840473,206680900146,R07C01,Plate_13,G11,Male
7840507,206680900146,R08C01,Plate_13,H11,Male
7840531,206680900157,R01C01,Plate_13,A12,Male
7840564,206680900157,R02C01,Plate_13,B12,Male
7849235,206680900157,R03C01,Plate_13,C12,Male
7849268,206680900157,R04C01,Plate_13,D12,Male
7849292,206680900157,R05C01,Plate_13,E12,Female
7850571,206680900157,R06C01,Plate_13,F12,Male
7849326,206680900157,R07C01,Plate_13,G12,Male
7849359,206680900157,R08C01,Plate_13,H12,Male
7849383,206680910002,R01C01,Plate_14,A01,Female
7849417,206680910002,R02C01,Plate_14,B01,Male
7849441,206680910002,R03C01,Plate_14,C01,Male
7850613,206680910002,R04C01,Plate_14,D01,Female
7850647,206680910002,R05C01,Plate_14,E01,Female
7854037,206680910002,R06C01,Plate_14,F01,Male
7854060,206680910002,R07C01,Plate_14,G01,Male
7854094,206680910002,R08C01,Plate_14,H01,Male
7854128,206680910003,R01C01,Plate_14,A02,Female
7854151,206680910003,R02C01,Plate_14,B02,Female
7854276,206680910003,R03C01,Plate_14,C02,Female
7873474,206680910003,R04C01,Plate_14,D02,Male
7833874,206680910003,R05C01,Plate_14,E02,Female
7833908,206680910003,R06C01,Plate_14,F02,Male
7833932,206680910003,R07C01,Plate_14,G02,Female
7833965,206680910003,R08C01,Plate_14,H02,Male
7833999,206680910015,R01C01,Plate_14,A03,Female
7834021,206680910015,R02C01,Plate_14,B03,Male
7834054,206680910015,R03C01,Plate_14,C03,Male
7834088,206680910015,R04C01,Plate_14,D03,Male
7834591,206680910015,R05C01,Plate_14,E03,Female
7834625,206680910015,R06C01,Plate_14,F03,Male
7834658,206680910015,R07C01,Plate_14,G03,Male
7834682,206680910015,R08C01,Plate_14,H03,Male
7834716,206680910043,R01C01,Plate_14,A04,Female
7853310,206680910043,R02C01,Plate_14,B04,Male
7853559,206680910043,R03C01,Plate_14,C04,Female
7853583,206680910043,R04C01,Plate_14,D04,Male
7853617,206680910043,R05C01,Plate_14,E04,Male
7853641,206680910043,R06C01,Plate_14,F04,Male
7853674,206680910043,R07C01,Plate_14,G04,Male
7854185,206680910043,R08C01,Plate_14,H04,Male
7854219,206680910046,R01C01,Plate_14,A05,Male
7854243,206680910046,R02C01,Plate_14,B05,Male
7854300,206680910046,R03C01,Plate_14,C05,Female
7854334,206680910046,R04C01,Plate_14,D05,Female
7854367,206680910046,R05C01,Plate_14,E05,Female
7854391,206680910046,R06C01,Plate_14,F05,Male
7854425,206680910046,R07C01,Plate_14,G05,Male
7854458,206680910046,R08C01,Plate_14,H05,Male
7854482,206680910048,R01C01,Plate_14,A06,Male
7835317,206680910048,R02C01,Plate_14,B06,Male
7835341,206680910048,R03C01,Plate_14,C06,Female
7835374,206680910048,R04C01,Plate_14,D06,Female
7835432,206680910048,R05C01,Plate_14,E06,Male
7841919,206680910048,R06C01,Plate_14,F06,Female
7841943,206680910048,R07C01,Plate_14,G06,Male
7841976,206680910048,R08C01,Plate_14,H06,Male
7842008,206680900151,R01C01,Plate_14,A07,Female
7844228,206680900151,R02C01,Plate_14,B07,Male
7844251,206680900151,R03C01,Plate_14,C07,Male
7844285,206680900151,R04C01,Plate_14,D07,Male
7844319,206680900151,R05C01,Plate_14,E07,Female
7844343,206680900151,R06C01,Plate_14,F07,Male
7853344,206680900151,R07C01,Plate_14,G07,Male
7853377,206680900151,R08C01,Plate_14,H07,Male
7853401,206680900178,R01C01,Plate_14,A08,Male
7853435,206680900178,R02C01,Plate_14,B08,Male
7832256,206680900178,R03C01,Plate_14,C08,Male
7853468,206680900178,R04C01,Plate_14,D08,Male
7853492,206680900178,R05C01,Plate_14,E08,Male
7853708,206680900178,R06C01,Plate_14,F08,Female
7853732,206680900178,R07C01,Plate_14,G08,Male
7832280,206680900178,R08C01,Plate_14,H08,Male
7832314,206680900031,R01C01,Plate_14,A09,Male
7832348,206680900031,R02C01,Plate_14,B09,Male
7852593,206680900031,R03C01,Plate_14,C09,Male
7852627,206680900031,R04C01,Plate_14,D09,Male
7852650,206680900031,R05C01,Plate_14,E09,Male
7852684,206680900031,R06C01,Plate_14,F09,Male
7852718,206680900031,R07C01,Plate_14,G09,Male
7852742,206680900031,R08C01,Plate_14,H09,Male
7852775,206680900032,R01C01,Plate_14,A10,Female
7852833,206680900032,R02C01,Plate_14,B10,Male
7852866,206680900032,R03C01,Plate_14,C10,Male
7852890,206680900032,R04C01,Plate_14,D10,Male
7853526,206680900032,R05C01,Plate_14,E10,Male
7853765,206680900032,R06C01,Plate_14,F10,Male
7834112,206680900032,R07C01,Plate_14,G10,Female
7834146,206680900032,R08C01,Plate_14,H10,Female
7834179,206680900001,R01C01,Plate_14,A11,Female
7834203,206680900001,R02C01,Plate_14,B11,Female
7834237,206680900001,R03C01,Plate_14,C11,Male
7834260,206680900001,R04C01,Plate_14,D11,Male
7834294,206680900001,R05C01,Plate_14,E11,Male
7834328,206680900001,R06C01,Plate_14,F11,Female
7834831,206680900001,R07C01,Plate_14,G11,Male
7834864,206680900001,R08C01,Plate_14,H11,Female
7834898,206680900040,R01C01,Plate_14,A12,Male
7834922,206680900040,R02C01,Plate_14,B12,Male
7834955,206680900040,R03C01,Plate_14,C12,Male
7834989,206680900040,R04C01,Plate_14,D12,Male
7851876,206680900040,R05C01,Plate_14,E12,Male
7851900,206680900040,R06C01,Plate_14,F12,Female
7851934,206680900040,R07C01,Plate_14,G12,Male
7851967,206680900040,R08C01,Plate_14,H12,Male
7851991,206680900049,R01C01,Plate_15,A01,Male
7852023,206680900049,R02C01,Plate_15,B01,Male
7852056,206680900049,R03C01,Plate_15,C01,Female
7852114,206680900049,R04C01,Plate_15,D01,Male
7852148,206680900049,R05C01,Plate_15,E01,Female
7852171,206680900049,R06C01,Plate_15,F01,Male
7852205,206680900049,R07C01,Plate_15,G01,Female
7852239,206680900049,R08C01,Plate_15,H01,Female
7852809,206680900059,R01C01,Plate_15,A02,Male
7852924,206680900059,R02C01,Plate_15,B02,Male
7852957,206680900059,R03C01,Plate_15,C02,Male
7852981,206680900059,R04C01,Plate_15,D02,Female
7853013,206680900059,R05C01,Plate_15,E02,Male
7853047,206680900059,R06C01,Plate_15,F02,Male
7835010,206680900059,R07C01,Plate_15,G02,Female
7835044,206680900059,R08C01,Plate_15,H02,Female
7836752,206680900061,R01C01,Plate_15,A03,Male
7836786,206680900061,R02C01,Plate_15,B03,Male
7836810,206680900061,R03C01,Plate_15,C03,Male
7851157,206680900061,R04C01,Plate_15,D03,Female
7851181,206680900061,R05C01,Plate_15,E03,Male
7851215,206680900061,R06C01,Plate_15,F03,Male
7851249,206680900061,R07C01,Plate_15,G03,Male
7851272,206680900061,R08C01,Plate_15,H03,Male
7851306,206680900063,R01C01,Plate_15,A04,Male
7851330,206680900063,R02C01,Plate_15,B04,Female
7851363,206680900063,R03C01,Plate_15,C04,Male
7851397,206680900063,R04C01,Plate_15,D04,Male
7851421,206680900063,R05C01,Plate_15,E04,Male
7851462,206680900063,R06C01,Plate_15,F04,Male
7852080,206680900063,R07C01,Plate_15,G04,Male
7852262,206680900063,R08C01,Plate_15,H04,Female
7852296,206680900148,R01C01,Plate_15,A05,Female
7852320,206680900148,R02C01,Plate_15,B05,Male
7832371,206680900148,R03C01,Plate_15,C05,Male
7832405,206680900148,R04C01,Plate_15,D05,Male
7833635,206680900148,R05C01,Plate_15,E05,Male
7833668,206680900148,R06C01,Plate_15,F05,Male
7833692,206680900148,R07C01,Plate_15,G05,Female
7834740,206680900148,R08C01,Plate_15,H05,Female
7834773,206680900149,R01C01,Plate_15,A06,Female
7834807,206680900149,R02C01,Plate_15,B06,Female
7836844,206680900149,R03C01,Plate_15,C06,Male
7836877,206680900149,R04C01,Plate_15,D06,Male
7836901,206680900149,R05C01,Plate_15,E06,Male
7836935,206680900149,R06C01,Plate_15,F06,Male
7836968,206680900149,R07C01,Plate_15,G06,Female
7851496,206680900149,R08C01,Plate_15,H06,Male
7851520,206680900053,R01C01,Plate_15,A07,Male
7833726,206680900053,R02C01,Plate_15,B07,Female
7833759,206680900053,R03C01,Plate_15,C07,Female
7833783,206680900053,R04C01,Plate_15,D07,Male
7833817,206680900053,R05C01,Plate_15,E07,Female
7833841,206680900053,R06C01,Plate_15,F07,Male
7836992,206680900053,R07C01,Plate_15,G07,Male
7837024,206680900053,R08C01,Plate_15,H07,Male
7837057,206675210015,R01C01,Plate_15,A08,Male
7837081,206675210015,R02C01,Plate_15,B08,Female
7837115,206675210015,R03C01,Plate_15,C08,Male
7837149,206675210015,R04C01,Plate_15,D08,Male
7837172,206675210015,R05C01,Plate_15,E08,Male
7837479,206675210015,R06C01,Plate_15,F08,Male
7837503,206675210015,R07C01,Plate_15,G08,Male
7837537,206675210015,R08C01,Plate_15,H08,Female
7837560,206675210004,R01C01,Plate_15,A09,Female
7851553,206675210004,R02C01,Plate_15,B09,Male
7851587,206675210004,R03C01,Plate_15,C09,Female
7858129,206675210004,R04C01,Plate_15,D09,Female
7858152,206675210004,R05C01,Plate_15,E09,Female
7837206,206675210004,R06C01,Plate_15,F09,Male
7858186,206675210004,R07C01,Plate_15,G09,Male
7836273,206675210004,R08C01,Plate_15,H09,Male
7858210,206675210003,R01C01,Plate_15,A10,Male
7858244,206675210003,R02C01,Plate_15,B10,Female
7835465,206675210003,R03C01,Plate_15,C10,Male
7835499,206675210003,R04C01,Plate_15,D10,Male
7835523,206675210003,R05C01,Plate_15,E10,Male
7836307,206675210003,R06C01,Plate_15,F10,Male
7836331,206675210003,R07C01,Plate_15,G10,Male
7836364,206675210003,R08C01,Plate_15,H10,Male
7836398,206675210013,R01C01,Plate_15,A11,Female
7836422,206675210013,R02C01,Plate_15,B11,Female
7836455,206675210013,R03C01,Plate_15,C11,Male
7836489,206675210013,R04C01,Plate_15,D11,Male
7837594,206675210013,R05C01,Plate_15,E11,Male
7837628,206675210013,R06C01,Plate_15,F11,Male
7858277,206675210013,R07C01,Plate_15,G11,Male
7858301,206675210013,R08C01,Plate_15,H11,Male
7835556,206675210014,R01C01,Plate_15,A12,Male
7835580,206675210014,R02C01,Plate_15,B12,Male
7835614,206675210014,R03C01,Plate_15,C12,Male
7835648,206675210014,R04C01,Plate_15,D12,Male
7835671,206675210014,R05C01,Plate_15,E12,Male
7835705,206675210014,R06C01,Plate_15,F12,Female
7835739,206675210014,R07C01,Plate_15,G12,Male
7835762,206675210014,R08C01,Plate_15,H12,Female
7836034,206680900013,R01C01,Plate_16,A01,Male
7836067,206680900013,R02C01,Plate_16,B01,Male
7836091,206680900013,R03C01,Plate_16,C01,Male
7836125,206680900013,R04C01,Plate_16,D01,Male
7837651,206680900013,R05C01,Plate_16,E01,Male
7837685,206680900013,R06C01,Plate_16,F01,Male
7854755,206680900013,R07C01,Plate_16,G01,Male
7854789,206680900013,R08C01,Plate_16,H01,Female
7854813,206680900028,R01C01,Plate_16,A02,Male
7854847,206680900028,R02C01,Plate_16,B02,Male
7854870,206680900028,R03C01,Plate_16,C02,Male
7861727,206680900028,R04C01,Plate_16,D02,Male
7861750,206680900028,R05C01,Plate_16,E02,Male
7854904,206680900028,R06C01,Plate_16,F02,Male
7854938,206680900028,R07C01,Plate_16,G02,Male
7854961,206680900028,R08C01,Plate_16,H02,Male
7854995,206680900029,R01C01,Plate_16,A03,Male
7855026,206680900029,R02C01,Plate_16,B03,Male
7855059,206680900029,R03C01,Plate_16,C03,Male
7861784,206680900029,R04C01,Plate_16,D03,Female
7861818,206680900029,R05C01,Plate_16,E03,Male
7861842,206680900029,R06C01,Plate_16,F03,Male
7861875,206680900029,R07C01,Plate_16,G03,Male
7861909,206680900029,R08C01,Plate_16,H03,Male
7861958,206680900044,R01C01,Plate_16,A04,Male
7869399,206680900044,R02C01,Plate_16,B04,Female
7869423,206680900044,R03C01,Plate_16,C04,Female
7869456,206680900044,R04C01,Plate_16,D04,Female
7869480,206680900044,R05C01,Plate_16,E04,Female
7836158,206680900044,R06C01,Plate_16,F04,Female
7836182,206680900044,R07C01,Plate_16,G04,Male
7836216,206680900044,R08C01,Plate_16,H04,Male
7836240,206680900073,R01C01,Plate_16,A05,Female
7855083,206680900073,R02C01,Plate_16,B05,Female
7855117,206680900073,R03C01,Plate_16,C05,Female
7855141,206680900073,R04C01,Plate_16,D05,Male
7855174,206680900073,R05C01,Plate_16,E05,Male
7855208,206680900073,R06C01,Plate_16,F05,Female
7855232,206680900073,R07C01,Plate_16,G05,Male
7861982,206680900073,R08C01,Plate_16,H05,Male
7862014,206680900082,R01C01,Plate_16,A06,Female
7862048,206680900082,R02C01,Plate_16,B06,Male
7862071,206680900082,R03C01,Plate_16,C06,Female
7862105,206680900082,R04C01,Plate_16,D06,Male
7855273,206680900082,R05C01,Plate_16,E06,Female
7858350,206680900082,R06C01,Plate_16,F06,Male
7858384,206680900082,R07C01,Plate_16,G06,Female
7858418,206680900082,R08C01,Plate_16,H06,Female
7858442,206680900083,R01C01,Plate_16,A07,Female
7858475,206680900083,R02C01,Plate_16,B07,Male
7858509,206680900083,R03C01,Plate_16,C07,Male
7862139,206680900083,R04C01,Plate_16,D07,Male
7862162,206680900083,R05C01,Plate_16,E07,Female
7862196,206680900083,R06C01,Plate_16,F07,Male
7862220,206680900083,R07C01,Plate_16,G07,Male
7862253,206680900083,R08C01,Plate_16,H07,Female
7862287,206680900108,R01C01,Plate_16,A08,Female
7855307,206680900108,R02C01,Plate_16,B08,Male
7858590,206680900108,R03C01,Plate_16,C08,Male
7858624,206680900108,R04C01,Plate_16,D08,Male
7858657,206680900108,R05C01,Plate_16,E08,Male
7862311,206680900108,R06C01,Plate_16,F08,Male
7862345,206680900108,R07C01,Plate_16,G08,Female
7862378,206680900108,R08C01,Plate_16,H08,Male
7862402,206680910025,R01C01,Plate_16,A09,Male
7862436,206680910025,R02C01,Plate_16,B09,Female
7862469,206680910025,R03C01,Plate_16,C09,Male
7862493,206680910025,R04C01,Plate_16,D09,Male
7862527,206680910025,R05C01,Plate_16,E09,Female
7855331,206680910025,R06C01,Plate_16,F09,Male
7855364,206680910025,R07C01,Plate_16,G09,Male
7855398,206680910025,R08C01,Plate_16,H09,Male
7855422,206680910064,R01C01,Plate_16,A10,Female
7855455,206680910064,R02C01,Plate_16,B10,Male
7855729,206680910064,R03C01,Plate_16,C10,Female
7855752,206680910064,R04C01,Plate_16,D10,Male
7862550,206680910064,R05C01,Plate_16,E10,Male
7862584,206680910064,R06C01,Plate_16,F10,Male
7862618,206680910064,R07C01,Plate_16,G10,Male
7862642,206680910064,R08C01,Plate_16,H10,Female
7855786,206680910079,R01C01,Plate_16,A11,Male
7855810,206680910079,R02C01,Plate_16,B11,Male
7855844,206680910079,R03C01,Plate_16,C11,Male
7855877,206680910079,R04C01,Plate_16,D11,Male
7855901,206680910079,R05C01,Plate_16,E11,Male
7862675,206680910079,R06C01,Plate_16,F11,Male
7855950,206680910079,R07C01,Plate_16,G11,Male
7855984,206680910079,R08C01,Plate_16,H11,Female
7856016,206680910081,R01C01,Plate_16,A12,Female
7856040,206680910081,R02C01,Plate_16,B12,Male
7856073,206680910081,R03C01,Plate_16,C12,Male
7862709,206680910081,R04C01,Plate_16,D12,Male
7862733,206680910081,R05C01,Plate_16,E12,Male
7862766,206680910081,R06C01,Plate_16,F12,Male
7856107,206680910081,R07C01,Plate_16,G12,Male
7856131,206680910081,R08C01,Plate_16,H12,Male
7856164,206680910022,R01C01,Plate_17,A01,Male
7856198,206680910022,R02C01,Plate_17,B01,Male
7862808,206680910022,R03C01,Plate_17,C01,Male
7862832,206680910022,R04C01,Plate_17,D01,Male
7856255,206680910022,R05C01,Plate_17,E01,Male
7856289,206680910022,R06C01,Plate_17,F01,Male
7856313,206680910022,R07C01,Plate_17,G01,Male
7856347,206680910022,R08C01,Plate_17,H01,Male
7856370,206680900086,R01C01,Plate_17,A02,Male
7856404,206680900086,R02C01,Plate_17,B02,Female
7862865,206680900086,R03C01,Plate_17,C02,Male
7862899,206680900086,R04C01,Plate_17,D02,Male
7856438,206680900086,R05C01,Plate_17,E02,Male
7856461,206680900086,R06C01,Plate_17,F02,Male
7856495,206680900086,R07C01,Plate_17,G02,Female
7862923,206680900086,R08C01,Plate_17,H02,Male
7862956,206680900100,R01C01,Plate_17,A03,Male
7862980,206680900100,R02C01,Plate_17,B03,Male
7863012,206680900100,R03C01,Plate_17,C03,Male
7863046,206680900100,R04C01,Plate_17,D03,Male
7863079,206680900100,R05C01,Plate_17,E03,Female
7863103,206680900100,R06C01,Plate_17,F03,Male
7863137,206680900100,R07C01,Plate_17,G03,Male
7863160,206680900100,R08C01,Plate_17,H03,Male
7856552,206680900102,R01C01,Plate_17,A04,Male
7856586,206680900102,R02C01,Plate_17,B04,Male
7856610,206680900102,R03C01,Plate_17,C04,Male
7856644,206680900102,R04C01,Plate_17,D04,Female
7856677,206680900102,R05C01,Plate_17,E04,Male
7856701,206680900102,R06C01,Plate_17,F04,Male
7856735,206680900102,R07C01,Plate_17,G04,Male
7856768,206680900102,R08C01,Plate_17,H04,Male
7856792,206680900115,R01C01,Plate_17,A05,Male
7863228,206680900115,R02C01,Plate_17,B05,Male
7863251,206680900115,R03C01,Plate_17,C05,Male
7863285,206680900115,R04C01,Plate_17,D05,Male
7863319,206680900115,R05C01,Plate_17,E05,Female
7863343,206680900115,R06C01,Plate_17,F05,Male
7863376,206680900115,R07C01,Plate_17,G05,Male
7863400,206680900115,R08C01,Plate_17,H05,Male
7863434,206680900123,R01C01,Plate_17,A06,Male
7863467,206680900123,R02C01,Plate_17,B06,Female
7856826,206680900123,R03C01,Plate_17,C06,Male
7856859,206680900123,R04C01,Plate_17,D06,Male
7856883,206680900123,R05C01,Plate_17,E06,Male
7856917,206680900123,R06C01,Plate_17,F06,Female
7856941,206680900123,R07C01,Plate_17,G06,Male
7863491,206680900123,R08C01,Plate_17,H06,Male
7863525,206680900138,R01C01,Plate_17,A07,Male
7863558,206680900138,R02C01,Plate_17,B07,Male
7863582,206680900138,R03C01,Plate_17,C07,Male
7856974,206680900138,R04C01,Plate_17,D07,Male
7857006,206680900138,R05C01,Plate_17,E07,Female
7857030,206680900138,R06C01,Plate_17,F07,Male
7857063,206680900138,R07C01,Plate_17,G07,Male
7857097,206680900138,R08C01,Plate_17,H07,Male
7857121,206680900159,R01C01,Plate_17,A08,Female
7857154,206680900159,R02C01,Plate_17,B08,Female
7869639,206680900159,R03C01,Plate_17,C08,Female
7869662,206680900159,R04C01,Plate_17,D08,Male
7869696,206680900159,R05C01,Plate_17,E08,Male
7869720,206680900159,R06C01,Plate_17,F08,Male
7869753,206680900159,R07C01,Plate_17,G08,Male
7870173,206680900159,R08C01,Plate_17,H08,Female
7870207,206680900008,R01C01,Plate_17,A09,Female
7870231,206680900008,R02C01,Plate_17,B09,Female
7870264,206680900008,R03C01,Plate_17,C09,Male
7857188,206680900008,R04C01,Plate_17,D09,Female
7857212,206680900008,R05C01,Plate_17,E09,Female
7857246,206680900008,R06C01,Plate_17,F09,Male
7857279,206680900008,R07C01,Plate_17,G09,Male
7857303,206680900008,R08C01,Plate_17,H09,Female
7857337,206680900070,R01C01,Plate_17,A10,Female
7859317,206680900070,R02C01,Plate_17,B10,Male
7863616,206680900070,R03C01,Plate_17,C10,Female
7863640,206680900070,R04C01,Plate_17,D10,Male
7863673,206680900070,R05C01,Plate_17,E10,Male
7863707,206680900070,R06C01,Plate_17,F10,Male
7863731,206680900070,R07C01,Plate_17,G10,Male
7857360,206680900070,R08C01,Plate_17,H10,Female
7857394,206680900071,R01C01,Plate_17,A11,Female
7857428,206680900071,R02C01,Plate_17,B11,Male
7857451,206680900071,R03C01,Plate_17,C11,Male
7857485,206680900071,R04C01,Plate_17,D11,Male
7857519,206680900071,R05C01,Plate_17,E11,Male
7859341,206680900071,R06C01,Plate_17,F11,Male
7859374,206680900071,R07C01,Plate_17,G11,Male
7859408,206680900071,R08C01,Plate_17,H11,Male
7859432,206680900072,R01C01,Plate_17,A12,Male
7859473,206680900072,R02C01,Plate_17,B12,Female
7859507,206680900072,R03C01,Plate_17,C12,Female
7859531,206680900072,R04C01,Plate_17,D12,Male
7859564,206680900072,R05C01,Plate_17,E12,Male
7863764,206680900072,R06C01,Plate_17,F12,Male
7863798,206680900072,R07C01,Plate_17,G12,Male
7863822,206680900072,R08C01,Plate_17,H12,Male
7863855,206680900085,R01C01,Plate_18,A01,Male
7864127,206680900085,R02C01,Plate_18,B01,Female
7864150,206680900085,R03C01,Plate_18,C01,Male
7864184,206680900085,R04C01,Plate_18,D01,Male
7864218,206680900085,R05C01,Plate_18,E01,Male
7864242,206680900085,R06C01,Plate_18,F01,Female
7857543,206680900085,R07C01,Plate_18,G01,Male
7857576,206680900085,R08C01,Plate_18,H01,Male
7857600,206680900091,R01C01,Plate_18,A02,Male
7857634,206680900091,R02C01,Plate_18,B02,Male
7857667,206680900091,R03C01,Plate_18,C02,Female
7857691,206680900091,R04C01,Plate_18,D02,Male
7857725,206680900091,R05C01,Plate_18,E02,Female
7857758,206680900091,R06C01,Plate_18,F02,Male
7859598,206680900091,R07C01,Plate_18,G02,Male
7859622,206680900091,R08C01,Plate_18,H02,Male
7859663,206680900092,R01C01,Plate_18,A03,Male
7859697,206680900092,R02C01,Plate_18,B03,Male
7864275,206680900092,R03C01,Plate_18,C03,Male
7864309,206680900092,R04C01,Plate_18,D03,Male
7864333,206680900092,R05C01,Plate_18,E03,Male
7864366,206680900092,R06C01,Plate_18,F03,Female
7864390,206680900092,R07C01,Plate_18,G03,Female
7864424,206680900092,R08C01,Plate_18,H03,Female
7864457,206680900106,R01C01,Plate_18,A04,Male
7864481,206680900106,R02C01,Plate_18,B04,Male
7857782,206680900106,R03C01,Plate_18,C04,Female
7857816,206680900106,R04C01,Plate_18,D04,Female
7857840,206680900106,R05C01,Plate_18,E04,Male
7857873,206680900106,R06C01,Plate_18,F04,Male
7857907,206680900106,R07C01,Plate_18,G04,Male
7859721,206680900106,R08C01,Plate_18,H04,Male
7859754,206680900003,R01C01,Plate_18,A05,Male
7859788,206680900003,R02C01,Plate_18,B05,Female
7864515,206680900003,R03C01,Plate_18,C05,Male
7864549,206680900003,R04C01,Plate_18,D05,Male
7857931,206680900003,R05C01,Plate_18,E05,Female
7866031,206680900003,R06C01,Plate_18,F05,Male
7866064,206680900003,R07C01,Plate_18,G05,Male
7866098,206680900003,R08C01,Plate_18,H05,Male
7866122,206680900039,R01C01,Plate_18,A06,Male
7866155,206680900039,R02C01,Plate_18,B06,Male
7866189,206680900039,R03C01,Plate_18,C06,Male
7866213,206680900039,R04C01,Plate_18,D06,Male
7866247,206680900039,R05C01,Plate_18,E06,Male
7866510,206680900039,R06C01,Plate_18,F06,Male
7866544,206680900039,R07C01,Plate_18,G06,Male
7866577,206680900039,R08C01,Plate_18,H06,Female
7866601,206680910049,R01C01,Plate_18,A07,Female
7866643,206680910049,R02C01,Plate_18,B07,Male
7866676,206680910049,R03C01,Plate_18,C07,Male
7866759,206680910049,R04C01,Plate_18,D07,Male
7866783,206680910049,R05C01,Plate_18,E07,Female
7866817,206680910049,R06C01,Plate_18,F07,Male
7866841,206680910049,R07C01,Plate_18,G07,Male
7866874,206680910049,R08C01,Plate_18,H07,Male
7866908,206680910050,R01C01,Plate_18,A08,Male
7866932,206680910050,R02C01,Plate_18,B08,Male
7857964,206680910050,R03C01,Plate_18,C08,Female
7857998,206680910050,R04C01,Plate_18,D08,Male
7865793,206680910050,R05C01,Plate_18,E08,Male
7865827,206680910050,R06C01,Plate_18,F08,Male
7865850,206680910050,R07C01,Plate_18,G08,Male
7865884,206680910050,R08C01,Plate_18,H08,Female
7865918,206680900055,R01C01,Plate_18,A09,Male
7865942,206680900055,R02C01,Plate_18,B09,Male
7865975,206680900055,R03C01,Plate_18,C09,Male
7866007,206680900055,R04C01,Plate_18,D09,Male
7866288,206680900055,R05C01,Plate_18,E09,Female
7866312,206680900055,R06C01,Plate_18,F09,Male
7866346,206680900055,R07C01,Plate_18,G09,Male
7866379,206680900055,R08C01,Plate_18,H09,Female
7866700,206680910080,R01C01,Plate_18,A10,Male
7866734,206680910080,R02C01,Plate_18,B10,Female
7864838,206680910080,R03C01,Plate_18,C10,Male
7864861,206680910080,R04C01,Plate_18,D10,Female
7870298,206680910080,R05C01,Plate_18,E10,Female
7864895,206680910080,R06C01,Plate_18,F10,Male
7864929,206680910080,R07C01,Plate_18,G10,Male
7869787,206680910080,R08C01,Plate_18,H10,Female
7859812,206680910087,R01C01,Plate_18,A11,Male
7859846,206680910087,R02C01,Plate_18,B11,Female
7859879,206680910087,R03C01,Plate_18,C11,Male
7859903,206680910087,R04C01,Plate_18,D11,Female
7859937,206680910087,R05C01,Plate_18,E11,Male
7864952,206680910087,R06C01,Plate_18,F11,Female
7864986,206680910087,R07C01,Plate_18,G11,Male
7865017,206680910087,R08C01,Plate_18,H11,Male
7865041,206680900150,R01C01,Plate_18,A12,Female
7865074,206680900150,R02C01,Plate_18,B12,Female
7859978,206680900150,R03C01,Plate_18,C12,Female
7869811,206680900150,R04C01,Plate_18,D12,Male
7869845,206680900150,R05C01,Plate_18,E12,Male
7860000,206680900150,R06C01,Plate_18,F12,Male
7860034,206680900150,R07C01,Plate_18,G12,Male
7860067,206680900150,R08C01,Plate_18,H12,Male
7860091,206680900113,R01C01,Plate_19,A01,Male
7860125,206680900113,R02C01,Plate_19,B01,Female
7860158,206680900113,R03C01,Plate_19,C01,Female
7860182,206680900113,R04C01,Plate_19,D01,Female
7860216,206680900113,R05C01,Plate_19,E01,Female
7860240,206680900113,R06C01,Plate_19,F01,Female
7860273,206680900113,R07C01,Plate_19,G01,Female
7860307,206680900113,R08C01,Plate_19,H01,Female
7860349,206680900117,R01C01,Plate_19,A02,Male
7867716,206680900117,R02C01,Plate_19,B02,Female
7867740,206680900117,R03C01,Plate_19,C02,Male
7867773,206680900117,R04C01,Plate_19,D02,Male
7867807,206680900117,R05C01,Plate_19,E02,Male
7860372,206680900117,R06C01,Plate_19,F02,Male
7860406,206680900117,R07C01,Plate_19,G02,Female
7860430,206680900117,R08C01,Plate_19,H02,Male
7860463,20668091127,R01C01,Plate_19,A03,Male
7860497,20668091127,R02C01,Plate_19,B03,Male
7860521,20668091127,R03C01,Plate_19,C03,Male
7860554,20668091127,R04C01,Plate_19,D03,Male
7860588,20668091127,R05C01,Plate_19,E03,Female
7860612,20668091127,R06C01,Plate_19,F03,Male
7861479,20668091127,R07C01,Plate_19,G03,Male
7861503,20668091127,R08C01,Plate_19,H03,Female
7861537,206680900128,R01C01,Plate_19,A04,Male
7861560,206680900128,R02C01,Plate_19,B04,Female
7861594,206680900128,R03C01,Plate_19,C04,Male
7861628,206680900128,R04C01,Plate_19,D04,Female
7861651,206680900128,R05C01,Plate_19,E04,Male
7861685,206680900128,R06C01,Plate_19,F04,Female
7867237,206680900128,R07C01,Plate_19,G04,Female
7867260,206680900128,R08C01,Plate_19,H04,Male
7867294,206680900139,R01C01,Plate_19,A05,Male
7867328,206680900139,R02C01,Plate_19,B05,Male
7867831,206680900139,R03C01,Plate_19,C05,Male
7867864,206680900139,R04C01,Plate_19,D05,Male
7867898,206680900139,R05C01,Plate_19,E05,Female
7867922,206680900139,R06C01,Plate_19,F05,Male
7860646,206680900139,R07C01,Plate_19,G05,Male
7860679,206680900139,R08C01,Plate_19,H05,Male
7866999,206680900143,R01C01,Plate_19,A06,Male
7867021,206680900143,R02C01,Plate_19,B06,Male
7867054,206680900143,R03C01,Plate_19,C06,Female
7867088,206680900143,R04C01,Plate_19,D06,Female
7867351,206680900143,R05C01,Plate_19,E06,Male
7867385,206680900143,R06C01,Plate_19,F06,Female
7867419,206680900143,R07C01,Plate_19,G06,Male
7867443,206680900143,R08C01,Plate_19,H06,Female
7867476,206680900158,R01C01,Plate_19,A07,Male
7867500,206680900158,R02C01,Plate_19,B07,Female
7860752,206680900158,R03C01,Plate_19,C07,Male
7860786,206680900158,R04C01,Plate_19,D07,Male
7860810,206680900158,R05C01,Plate_19,E07,Male
7860844,206680900158,R06C01,Plate_19,F07,Male
7860877,206680900158,R07C01,Plate_19,G07,Male
7860901,206680900158,R08C01,Plate_19,H07,Male
7867112,206680900177,R01C01,Plate_19,A08,Female
7867146,206680900177,R02C01,Plate_19,B08,Female
7867179,206680900177,R03C01,Plate_19,C08,Female
7867203,206680900177,R04C01,Plate_19,D08,Male
7867534,206680900177,R05C01,Plate_19,E08,Male
7867567,206680900177,R06C01,Plate_19,F08,Male
7867591,206680900177,R07C01,Plate_19,G08,Female
7867625,206680900177,R08C01,Plate_19,H08,Male
7867658,206675210009,R01C01,Plate_19,A09,Male
7867682,206675210009,R02C01,Plate_19,B09,Male
7870835,206675210009,R03C01,Plate_19,C09,Male
7901952,206675210009,R04C01,Plate_19,D09,Female
7860992,206675210009,R05C01,Plate_19,E09,Female
7861024,206675210009,R06C01,Plate_19,F09,Female
7870892,206675210009,R07C01,Plate_19,G09,Male
7860935,206675210009,R08C01,Plate_19,H09,Female
7860968,206675210016,R01C01,Plate_19,A10,Male
7861057,206675210016,R02C01,Plate_19,B10,Female
7861081,206675210016,R03C01,Plate_19,C10,Male
7861115,206675210016,R04C01,Plate_19,D10,Male
7870926,206675210016,R05C01,Plate_19,E10,Male
7870959,206675210016,R06C01,Plate_19,F10,Female
7870983,206675210016,R07C01,Plate_19,G10,Male
7871015,206675210016,R08C01,Plate_19,H10,Male
7871049,206675210017,R01C01,Plate_19,A11,Male
7901986,206675210017,R02C01,Plate_19,B11,Male
7902018,206675210017,R03C01,Plate_19,C11,Female
7902042,206675210017,R04C01,Plate_19,D11,Male
7902075,206675210017,R05C01,Plate_19,E11,Male
7860703,206675210017,R06C01,Plate_19,F11,Male
7861149,206675210017,R07C01,Plate_19,G11,Male
7861230,206675210017,R08C01,Plate_19,H11,Male
7861263,206675210018,R01C01,Plate_19,A12,Male
7871072,206675210018,R02C01,Plate_19,B12,Male
7871106,206675210018,R03C01,Plate_19,C12,Male
7871130,206675210018,R04C01,Plate_19,D12,Male
7871163,206675210018,R05C01,Plate_19,E12,Male
7871197,206675210018,R06C01,Plate_19,F12,Male
7871221,206675210018,R07C01,Plate_19,G12,Male
7871254,206675210018,R08C01,Plate_19,H12,Female
7803513,205695340004,R01C01,Plate_02,A01,Male
7805070,205695340004,R02C01,Plate_02,B01,Male
7805104,205695340004,R03C01,Plate_02,C01,Female
7805138,205695340004,R04C01,Plate_02,D01,Male
7805161,205695340004,R05C01,Plate_02,E01,Male
7805195,205695340004,R06C01,Plate_02,F01,Male
7805229,205695340004,R07C01,Plate_02,G01,Male
7805278,205695340004,R08C01,Plate_02,H01,Male
7805310,205695340005,R01C01,Plate_02,A02,Male
7805344,205695340005,R02C01,Plate_02,B02,Male
7805377,205695340005,R03C01,Plate_02,C02,Female
7805435,205695340005,R04C01,Plate_02,D02,Male
7807233,205695340005,R05C01,Plate_02,E02,Male
7807266,205695340005,R06C01,Plate_02,F02,Female
7807290,205695340005,R07C01,Plate_02,G02,Male
7807357,205695340005,R08C01,Plate_02,H02,Female
7807381,205695340023,R01C01,Plate_02,A03,Male
7807415,205695340023,R02C01,Plate_02,B03,Female
7807449,205695340023,R03C01,Plate_02,C03,Female
7807472,205695340023,R04C01,Plate_02,D03,Male
7807506,205695340023,R05C01,Plate_02,E03,Male
7807597,205695340023,R06C01,Plate_02,F03,Male
7807654,205695340023,R07C01,Plate_02,G03,Female
7807688,205695340023,R08C01,Plate_02,H03,Male
7807712,205695340028,R01C01,Plate_02,A04,Male
7807746,205695340028,R02C01,Plate_02,B04,Male
7807779,205695340028,R03C01,Plate_02,C04,Male
7803570,205695340028,R04C01,Plate_02,D04,Male
7803612,205695340028,R05C01,Plate_02,E04,Female
7803679,205695340028,R06C01,Plate_02,F04,Female
7805468,205695340028,R07C01,Plate_02,G04,Female
7805492,205695340028,R08C01,Plate_02,H04,Male
7805526,205695340051,R01C01,Plate_02,A05,Male
7805559,205695340051,R02C01,Plate_02,B05,Female
7805583,205695340051,R03C01,Plate_02,C05,Male
7805617,205695340051,R04C01,Plate_02,D05,Male
7805641,205695340051,R05C01,Plate_02,E05,Female
7805674,205695340051,R06C01,Plate_02,F05,Male
7805708,205695340051,R07C01,Plate_02,G05,Male
7805732,205695340051,R08C01,Plate_02,H05,Male
7805765,205695340053,R01C01,Plate_02,A06,Male
7807803,205695340053,R02C01,Plate_02,B06,Male
7807837,205695340053,R03C01,Plate_02,C06,Female
7807860,205695340053,R04C01,Plate_02,D06,Male
7807894,205695340053,R05C01,Plate_02,E06,Male
7807928,205695340053,R06C01,Plate_02,F06,Male
7807951,205695340053,R07C01,Plate_02,G06,Male
7807985,205695340053,R08C01,Plate_02,H06,Male
7808017,205695340024,R01C01,Plate_02,A07,Female
7808041,205695340024,R02C01,Plate_02,B07,Male
7808074,205695340024,R03C01,Plate_02,C07,Female
7808108,205695340024,R04C01,Plate_02,D07,Male
7803703,205695340024,R05C01,Plate_02,E07,Male
7803737,205695340024,R06C01,Plate_02,F07,Male
7803760,205695340024,R07C01,Plate_02,G07,Male
7803794,205695340024,R08C01,Plate_02,H07,Female
7803828,205695340029,R01C01,Plate_02,A08,Male
7803851,205695340029,R02C01,Plate_02,B08,Male
7805807,205695340029,R03C01,Plate_02,C08,Female
7805831,205695340029,R04C01,Plate_02,D08,Female
7805864,205695340029,R05C01,Plate_02,E08,Male
7805898,205695340029,R06C01,Plate_02,F08,Female
7805922,205695340029,R07C01,Plate_02,G08,Female
7805955,205695340029,R08C01,Plate_02,H08,Male
7805989,205695340038,R01C01,Plate_02,A09,Female
7806011,205695340038,R02C01,Plate_02,B09,Male
7806045,205695340038,R03C01,Plate_02,C09,Male
7806078,205695340038,R04C01,Plate_02,D09,Female
7806102,205695340038,R05C01,Plate_02,E09,Male
7806136,205695340038,R06C01,Plate_02,F09,Female
7806169,205695340038,R07C01,Plate_02,G09,Male
7808132,205695340038,R08C01,Plate_02,H09,Female
7808165,205695340039,R01C01,Plate_02,A10,Male
7808199,205695340039,R02C01,Plate_02,B10,Female
7808223,205695340039,R03C01,Plate_02,C10,Female
7808256,205695340039,R04C01,Plate_02,D10,Male
7808280,205695340039,R05C01,Plate_02,E10,Male
7808314,205695340039,R06C01,Plate_02,F10,Male
7808348,205695340039,R07C01,Plate_02,G10,Male
7808371,205695340039,R08C01,Plate_02,H10,Male
7808405,205695340050,R01C01,Plate_02,A11,Male
7803885,205695340050,R02C01,Plate_02,B11,Female
7803919,205695340050,R03C01,Plate_02,C11,Female
7803943,205695340050,R04C01,Plate_02,D11,Male
7804008,205695340050,R05C01,Plate_02,E11,Female
7804032,205695340050,R06C01,Plate_02,F11,Male
7806227,205695340050,R07C01,Plate_02,G11,Male
7806284,205695340050,R08C01,Plate_02,H11,Male
7806318,205695340051,R01C01,Plate_02,A12,Male
7806342,205695340051,R02C01,Plate_02,B12,Male
7806375,205695340051,R03C01,Plate_02,C12,Male
7806433,205695340051,R04C01,Plate_02,D12,Male
7806466,205695340051,R05C01,Plate_02,E12,Male
7806490,205695340051,R06C01,Plate_02,F12,Male
7807324,205695340051,R07C01,Plate_02,G12,Female
7807530,205695340051,R08C01,Plate_02,H12,Male
7885155,206675210023,R01C01,Plate_20,A01,Male
7885189,206675210023,R02C01,Plate_20,B01,Female
7885213,206675210023,R03C01,Plate_20,C01,Male
7885247,206675210023,R04C01,Plate_20,D01,Male
7885270,206675210023,R05C01,Plate_20,E01,Male
7885304,206675210023,R06C01,Plate_20,F01,Male
7902109,206675210023,R07C01,Plate_20,G01,Male
7902133,206675210023,R08C01,Plate_20,H01,Male
7902166,206675210027,R01C01,Plate_20,A02,Male
7861172,206675210027,R02C01,Plate_20,B02,Female
7861206,206675210027,R03C01,Plate_20,C02,Male
7861297,206675210027,R04C01,Plate_20,D02,Male
7880834,206675210027,R05C01,Plate_20,E02,Female
7880867,206675210027,R06C01,Plate_20,F02,Male
7880891,206675210027,R07C01,Plate_20,G02,Male
7880925,206675210027,R08C01,Plate_20,H02,Male
7884919,206675210032,R01C01,Plate_20,A03,Female
7884943,206675210032,R02C01,Plate_20,B03,Male
7885338,206675210032,R03C01,Plate_20,C03,Male
7885361,206675210032,R04C01,Plate_20,D03,Male
7885429,206675210032,R05C01,Plate_20,E03,Male
7885452,206675210032,R06C01,Plate_20,F03,Male
7885635,206675210032,R07C01,Plate_20,G03,Male
7885668,206675210032,R08C01,Plate_20,H03,Male
7885692,206675210033,R01C01,Plate_20,A04,Male
7885395,206675210033,R02C01,Plate_20,B04,Male
7885726,206675210033,R03C01,Plate_20,C04,Male
7885759,206675210033,R04C01,Plate_20,D04,Male
7885817,206675210033,R05C01,Plate_20,E04,Male
7884976,206675210033,R06C01,Plate_20,F04,Male
7885007,206675210033,R07C01,Plate_20,G04,Female
7885031,206675210033,R08C01,Plate_20,H04,Male
7885064,206680900062,R01C01,Plate_20,A05,Male
7885098,206680900062,R02C01,Plate_20,B05,Male
7885841,206680900062,R03C01,Plate_20,C05,Female
7889710,206680900062,R04C01,Plate_20,D05,Female
7889744,206680900062,R05C01,Plate_20,E05,Male
7889777,206680900062,R06C01,Plate_20,F05,Male
7889801,206680900062,R07C01,Plate_20,G05,Male
7889835,206680900062,R08C01,Plate_20,H05,Male
7889868,206680900101,R01C01,Plate_20,A06,Male
7873953,206680900101,R02C01,Plate_20,B06,Female
7873987,206680900101,R03C01,Plate_20,C06,Male
7874019,206680900101,R04C01,Plate_20,D06,Male
7881071,206680900101,R05C01,Plate_20,E06,Male
7885510,206680900101,R06C01,Plate_20,F06,Female
7885544,206680900101,R07C01,Plate_20,G06,Male
7885577,206680900101,R08C01,Plate_20,H06,Male
7885601,206680900116,R01C01,Plate_20,A07,Male
7889892,206680900116,R02C01,Plate_20,B07,Male
7889926,206680900116,R03C01,Plate_20,C07,Male
7867955,206680900116,R04C01,Plate_20,D07,Female
7867989,206680900116,R05C01,Plate_20,E07,Male
7868011,206680900116,R06C01,Plate_20,F07,Male
7868045,206680900116,R07C01,Plate_20,G07,Male
7874043,206680900116,R08C01,Plate_20,H07,Male
7874076,206680900140,R01C01,Plate_20,A08,Male
7874100,206680900140,R02C01,Plate_20,B08,Female
7881105,206680900140,R03C01,Plate_20,C08,Female
7881139,206680900140,R04C01,Plate_20,D08,Male
7881162,206680900140,R05C01,Plate_20,E08,Male
7881196,206680900140,R06C01,Plate_20,F08,Male
7881220,206680900140,R07C01,Plate_20,G08,Male
7868078,206680900140,R08C01,Plate_20,H08,Female
7868102,206680900142,R01C01,Plate_20,A09,Male
7874134,206680900142,R02C01,Plate_20,B09,Male
7881253,206680900142,R03C01,Plate_20,C09,Female
7874167,206680900142,R04C01,Plate_20,D09,Male
7874191,206680900142,R05C01,Plate_20,E09,Male
7874225,206680900142,R06C01,Plate_20,F09,Male
7874431,206680900142,R07C01,Plate_20,G09,Male
7874464,206680900142,R08C01,Plate_20,H09,Male
7874498,206680900144,R01C01,Plate_20,A10,Male
7876832,206680900144,R02C01,Plate_20,B10,Male
7876899,206680900144,R03C01,Plate_20,C10,Male
7874258,206680900144,R04C01,Plate_20,D10,Female
7874282,206680900144,R05C01,Plate_20,E10,Male
7874522,206680900144,R06C01,Plate_20,F10,Male
7874555,206680900144,R07C01,Plate_20,G10,Male
7874589,206680900144,R08C01,Plate_20,H10,Female
7874613,206680900156,R01C01,Plate_20,A11,Female
7874647,206680900156,R02C01,Plate_20,B11,Male
7874670,206680900156,R03C01,Plate_20,C11,Female
7874704,206680900156,R04C01,Plate_20,D11,Male
7876923,206680900156,R05C01,Plate_20,E11,Male
7876956,206680900156,R06C01,Plate_20,F11,Male
7874316,206680900156,R07C01,Plate_20,G11,Male
7874738,206680900156,R08C01,Plate_20,H11,Male
7874761,206680900176,R01C01,Plate_20,A12,Male
7874795,206680900176,R02C01,Plate_20,B12,Male
7874829,206680900176,R03C01,Plate_20,C12,Female
7876980,206680900176,R04C01,Plate_20,D12,Male
7874340,206680900176,R05C01,Plate_20,E12,Male
7874373,206680900176,R06C01,Plate_20,F12,Female
7874407,206680900176,R07C01,Plate_20,G12,Male
7874910,206680900176,R08C01,Plate_20,H12,Male
7877012,206680910053,R01C01,Plate_21,A01,Male
7874977,206680910053,R02C01,Plate_21,B01,Male
7880958,206680910053,R03C01,Plate_21,C01,Female
7880982,206680910053,R04C01,Plate_21,D01,Female
7875008,206680910053,R05C01,Plate_21,E01,Male
7875032,206680910053,R06C01,Plate_21,F01,Male
7874886,206680910053,R07C01,Plate_21,G01,Male
7875065,206680910053,R08C01,Plate_21,H01,Male
7881014,206680910059,R01C01,Plate_21,A02,Female
7886146,206680910059,R02C01,Plate_21,B02,Male
7874852,206680910059,R03C01,Plate_21,C02,Female
7881048,206680910059,R04C01,Plate_21,D02,Female
7885874,206680910059,R05C01,Plate_21,E02,Female
7885908,206680910059,R06C01,Plate_21,F02,Male
7886112,206680910059,R07C01,Plate_21,G02,Female
7886179,206680910059,R08C01,Plate_21,H02,Female
7886203,206680910069,R01C01,Plate_21,A03,Female
7876592,206680910069,R02C01,Plate_21,B03,Female
7876626,206680910069,R03C01,Plate_21,C03,Male
7885932,206680910069,R04C01,Plate_21,D03,Female
7885965,206680910069,R05C01,Plate_21,E03,Male
7885999,206680910069,R06C01,Plate_21,F03,Male
7886237,206680910069,R07C01,Plate_21,G03,Male
7886260,206680910069,R08C01,Plate_21,H03,Male
7875156,206680910096,R01C01,Plate_21,A04,Male
7875180,206680910096,R02C01,Plate_21,B04,Male
7875214,206680910096,R03C01,Plate_21,C04,Male
7875248,206680910096,R04C01,Plate_21,D04,Male
7875636,206680910096,R05C01,Plate_21,E04,Male
7875669,206680910096,R06C01,Plate_21,F04,Male
7875693,206680910096,R07C01,Plate_21,G04,Male
7875727,206680910096,R08C01,Plate_21,H04,Female
7875750,206675210005,R01C01,Plate_21,A05,Female
7875784,206675210005,R02C01,Plate_21,B05,Male
7876113,206675210005,R03C01,Plate_21,C05,Male
7876147,206675210005,R04C01,Plate_21,D05,Male
7876170,206675210005,R05C01,Plate_21,E05,Male
7876204,206675210005,R06C01,Plate_21,F05,Male
7876238,206675210005,R07C01,Plate_21,G05,Male
7886021,206675210005,R08C01,Plate_21,H05,Male
7886054,296675210007,R01C01,Plate_21,A06,Male
7886088,296675210007,R02C01,Plate_21,B06,Male
7875818,296675210007,R03C01,Plate_21,C06,Female
7875842,296675210007,R04C01,Plate_21,D06,Male
7875875,296675210007,R05C01,Plate_21,E06,Male
7875909,296675210007,R06C01,Plate_21,F06,Male
7875933,296675210007,R07C01,Plate_21,G06,Female
7875271,296675210007,R08C01,Plate_21,H06,Male
7875966,206675210029,R01C01,Plate_21,A07,Male
7875990,206675210029,R02C01,Plate_21,B07,Male
7876022,206675210029,R03C01,Plate_21,C07,Male
7876055,206675210029,R04C01,Plate_21,D07,Male
7876089,206675210029,R05C01,Plate_21,E07,Male
7876261,206675210029,R06C01,Plate_21,F07,Male
7876295,206675210029,R07C01,Plate_21,G07,Male
7876329,206675210029,R08C01,Plate_21,H07,Male
7875313,206675210031,R01C01,Plate_21,A08,Male
7875347,206675210031,R02C01,Plate_21,B08,Male
7875370,206675210031,R03C01,Plate_21,C08,Male
7875396,206675210031,R04C01,Plate_21,D08,Male
7875420,206675210031,R05C01,Plate_21,E08,Male
7875453,206675210031,R06C01,Plate_21,F08,Male
7875487,206675210031,R07C01,Plate_21,G08,Male
7876352,206675210031,R08C01,Plate_21,H08,Female
7876386,206675210034,R01C01,Plate_21,A09,Male
7876410,206675210034,R02C01,Plate_21,B09,Female
7876659,206675210034,R03C01,Plate_21,C09,Female
7894751,206675210034,R04C01,Plate_21,D09,Male
7899552,206675210034,R05C01,Plate_21,E09,Female
7902679,206675210034,R06C01,Plate_21,F09,Male
7876683,206675210034,R07C01,Plate_21,G09,Male
7876717,206675210034,R08C01,Plate_21,H09,Male
7876741,206675210036,R01C01,Plate_21,A10,Male
7894785,206675210036,R02C01,Plate_21,B10,Female
7875537,206675210036,R03C01,Plate_21,C10,Male
7875560,206675210036,R04C01,Plate_21,D10,Male
7875594,206675210036,R05C01,Plate_21,E10,Male
7894819,206675210036,R06C01,Plate_21,F10,Male
7894843,206675210036,R07C01,Plate_21,G10,Female
7899586,206675210036,R08C01,Plate_21,H10,Male
7902737,206680900041,R01C01,Plate_21,A11,Female
7880172,206680900041,R02C01,Plate_21,B11,Male
7894876,206680900041,R03C01,Plate_21,C11,Female
7894900,206680900041,R04C01,Plate_21,D11,Male
7902760,206680900041,R05C01,Plate_21,E11,Male
7886351,206680900041,R06C01,Plate_21,F11,Female
7886385,206680900041,R07C01,Plate_21,G11,Female
7893795,206680900041,R08C01,Plate_21,H11,Male
7893829,206680900051,R01C01,Plate_21,A12,Male
7894942,206680900051,R02C01,Plate_21,B12,Male
7902802,206680900051,R03C01,Plate_21,C12,Male
7880222,206680900051,R04C01,Plate_21,D12,Male
7880255,206680900051,R05C01,Plate_21,E12,Male
7893852,206680900051,R06C01,Plate_21,F12,Male
7893886,206680900051,R07C01,Plate_21,G12,Male
7902836,206680900051,R08C01,Plate_21,H12,Female
7902869,206680900114,R01C01,Plate_22,A01,Female
7902919,206680900114,R02C01,Plate_22,B01,Male
7907231,206680900114,R03C01,Plate_22,C01,Male
7907264,206680900114,R04C01,Plate_22,D01,Male
7893910,206680900114,R05C01,Plate_22,E01,Male
7893944,206680900114,R06C01,Plate_22,F01,Male
7893977,206680900114,R07C01,Plate_22,G01,Female
7899610,206680900114,R08C01,Plate_22,H01,Male
7899644,206680900116,R01C01,Plate_22,A02,Male
7902943,206680900116,R02C01,Plate_22,B02,Male
7907298,206680900116,R03C01,Plate_22,C02,Female
7894009,206680900116,R04C01,Plate_22,D02,Male
7894272,206680900116,R05C01,Plate_22,E02,Male
7902976,206680900116,R06C01,Plate_22,F02,Male
7903008,206680900116,R07C01,Plate_22,G02,Male
7903032,206680900116,R08C01,Plate_22,H02,Male
7886419,206680900166,R01C01,Plate_22,A03,Male
7886443,206680900166,R02C01,Plate_22,B03,Male
7894306,206680900166,R03C01,Plate_22,C03,Male
7894330,206680900166,R04C01,Plate_22,D03,Male
7894363,206680900166,R05C01,Plate_22,E03,Male
7894397,206680900166,R06C01,Plate_22,F03,Male
7907322,206680900166,R07C01,Plate_22,G03,Female
7907355,206680900166,R08C01,Plate_22,H03,Female
7903065,206680900164,R01C01,Plate_22,A04,Female
7907389,206680900164,R02C01,Plate_22,B04,Male
7907413,206680900164,R03C01,Plate_22,C04,Female
7886500,206680900164,R04C01,Plate_22,D04,Male
7886534,206680900164,R05C01,Plate_22,E04,Female
7894991,206680900164,R06C01,Plate_22,F04,Female
7889959,206680900164,R07C01,Plate_22,G04,Male
7889983,206680900164,R08C01,Plate_22,H04,Female
7890015,206680900002,R01C01,Plate_22,A05,Female
7890049,206680900002,R02C01,Plate_22,B05,Male
7890072,206680900002,R03C01,Plate_22,C05,Male
7890106,206680900002,R04C01,Plate_22,D05,Female
7894033,206680900002,R05C01,Plate_22,E05,Male
7894066,206680900002,R06C01,Plate_22,F05,Female
7894090,206680900002,R07C01,Plate_22,G05,Male
7894124,206680900002,R08C01,Plate_22,H05,Male
7894157,206675210006,R01C01,Plate_22,A06,Female
7894181,206675210006,R02C01,Plate_22,B06,Male
7900038,206675210006,R03C01,Plate_22,C06,Male
7900061,206675210006,R04C01,Plate_22,D06,Male
7900095,206675210006,R05C01,Plate_22,E06,Male
7900129,206675210006,R06C01,Plate_22,F06,Female
7890130,206675210006,R07C01,Plate_22,G06,Female
7890163,206675210006,R08C01,Plate_22,H06,Female
7890197,206675210008,R01C01,Plate_22,A07,Male
7890221,206675210008,R02C01,Plate_22,B07,Female
7890254,206675210008,R03C01,Plate_22,C07,Male
7900152,206675210008,R04C01,Plate_22,D07,Male
7900186,206675210008,R05C01,Plate_22,E07,Male
7900210,206675210008,R06C01,Plate_22,F07,Male
7900244,206675210008,R07C01,Plate_22,G07,Male
7902430,206675210008,R08C01,Plate_22,H07,Male
7903099,206675210025,R01C01,Plate_22,A08,Male
7903123,206675210025,R02C01,Plate_22,B08,Male
7903156,206675210025,R03C01,Plate_22,C08,Male
7903180,206675210025,R04C01,Plate_22,D08,Female
7903214,206675210025,R05C01,Plate_22,E08,Male
7903248,206675210025,R06C01,Plate_22,F08,Male
7903271,206675210025,R07C01,Plate_22,G08,Female
7903305,206675210025,R08C01,Plate_22,H08,Male
7903339,206675210026,R01C01,Plate_22,A09,Male
7890288,206675210026,R02C01,Plate_22,B09,Male
7890312,206675210026,R03C01,Plate_22,C09,Female
7895238,206675210026,R04C01,Plate_22,D09,Male
7895261,206675210026,R05C01,Plate_22,E09,Female
7902497,206675210026,R06C01,Plate_22,F09,Male
7902521,206675210026,R07C01,Plate_22,G09,Male
7903362,206675210026,R08C01,Plate_22,H09,Female
7903396,206675210028,R01C01,Plate_22,A10,Male
7903420,206675210028,R02C01,Plate_22,B10,Male
7903453,206675210028,R03C01,Plate_22,C10,Male
7895295,206675210028,R04C01,Plate_22,D10,Male
7895329,206675210028,R05C01,Plate_22,E10,Male
7895352,206675210028,R06C01,Plate_22,F10,Female
7895386,206675210028,R07C01,Plate_22,G10,Male
7895410,206675210028,R08C01,Plate_22,H10,Male
7895444,206675210030,R01C01,Plate_22,A11,Female
7902554,206675210030,R02C01,Plate_22,B11,Male
7902588,206675210030,R03C01,Plate_22,C11,Male
7902612,206675210030,R04C01,Plate_22,D11,Female
7903487,206675210030,R05C01,Plate_22,E11,Male
7903545,206675210030,R06C01,Plate_22,F11,Male
7903578,206675210030,R07C01,Plate_22,G11,Male
7903602,206675210030,R08C01,Plate_22,H11,Male
7903636,206680900054,R01C01,Plate_22,A12,Male
7903669,206680900054,R02C01,Plate_22,B12,Male
7903693,206680900054,R03C01,Plate_22,C12,Male
7886831,206680900054,R04C01,Plate_22,D12,Female
7890346,206680900054,R05C01,Plate_22,E12,Male
7890379,206680900054,R06C01,Plate_22,F12,Female
7890403,206680900054,R07C01,Plate_22,G12,Male
7895477,206680900054,R08C01,Plate_22,H12,Male
7895501,206680910004,R01C01,Plate_23,A01,Female
7895535,206680910004,R02C01,Plate_23,B01,Male
7902646,206680910004,R03C01,Plate_23,C01,
7903727,206680910004,R04C01,Plate_23,D01,Male
7903750,206680910004,R05C01,Plate_23,E01,Male
7886864,206680910004,R06C01,Plate_23,F01,Male
7890437,206680910004,R07C01,Plate_23,G01,Male
7900517,206680910004,R08C01,Plate_23,H01,Male
7900541,206680910006,R01C01,Plate_23,A02,Female
7900574,206680910006,R02C01,Plate_23,B02,Female
7903784,206680910006,R03C01,Plate_23,C02,Male
7903818,206680910006,R04C01,Plate_23,D02,Male
7903842,206680910006,R05C01,Plate_23,E02,Female
7886898,206680910006,R06C01,Plate_23,F02,Male
7887318,206680910006,R07C01,Plate_23,G02,Male
7890460,206680910006,R08C01,Plate_23,H02,Female
7903875,206680910023,R01C01,Plate_23,A03,Female
7903917,206680910023,R02C01,Plate_23,B03,Male
7886922,206680910023,R03C01,Plate_23,C03,Male
7890510,206680910023,R04C01,Plate_23,D03,Male
7890544,206680910023,R05C01,Plate_23,E03,Male
7895568,206680910023,R06C01,Plate_23,F03,Male
7895618,206680910023,R07C01,Plate_23,G03,Female
7903958,206680910023,R08C01,Plate_23,H03,Male
7903982,206680900109,R01C01,Plate_23,A04,Male
7886609,206680900109,R02C01,Plate_23,B04,Male
7886955,206680900109,R03C01,Plate_23,C04,Male
7886997,206680900109,R04C01,Plate_23,D04,Male
7887037,206680900109,R05C01,Plate_23,E04,Male
7887078,206680900109,R06C01,Plate_23,F04,Female
7904014,206680900109,R07C01,Plate_23,G04,Female
7887367,206680900109,R08C01,Plate_23,H04,Female
7887391,206680900112,R01C01,Plate_23,A05,Female
7890577,206680900112,R02C01,Plate_23,B05,Male
7890619,206680900112,R03C01,Plate_23,C05,Female
7894223,206680900112,R04C01,Plate_23,D05,Male
7904048,206680900112,R05C01,Plate_23,E05,Female
7887425,206680900112,R06C01,Plate_23,F05,Female
7887466,206680900112,R07C01,Plate_23,G05,Male
7887508,206680900112,R08C01,Plate_23,H05,Male
7887532,206680900129,R01C01,Plate_23,A06,Male
7887565,206680900129,R02C01,Plate_23,B06,Male
7890643,206680900129,R03C01,Plate_23,C06,Female
7890684,206680900129,R04C01,Plate_23,D06,Male
7904113,206680900129,R05C01,Plate_23,E06,Female
7904162,206680900129,R06C01,Plate_23,F06,Female
7904196,206680900129,R07C01,Plate_23,G06,Male
7906993,206680900129,R08C01,Plate_23,H06,Female
7907025,206680900141,R01C01,Plate_23,A07,Female
7907058,206680900141,R02C01,Plate_23,B07,Male
7887615,206680900141,R03C01,Plate_23,C07,Female
7890718,206680900141,R04C01,Plate_23,D07,Male
7907116,206680900141,R05C01,Plate_23,E07,Male
7907140,206680900141,R06C01,Plate_23,F07,Female
7904220,206680900141,R07C01,Plate_23,G07,Male
7907173,206680900141,R08C01,Plate_23,H07,Male
7887649,206680900147,R01C01,Plate_23,A08,Male
7887672,206680900147,R02C01,Plate_23,B08,Male
7886658,206680900147,R03C01,Plate_23,C08,Female
7890767,206680900147,R04C01,Plate_23,D08,Male
7890809,206680900147,R05C01,Plate_23,E08,Male
7890858,206680900147,R06C01,Plate_23,F08,Female
7900756,206680900147,R07C01,Plate_23,G08,Male
7900798,206680900147,R08C01,Plate_23,H08,Male
7900830,206680900014,R01C01,Plate_23,A09,Female
7890916,206680900014,R02C01,Plate_23,B09,Male
7890940,206680900014,R03C01,Plate_23,C09,Female
7890973,206680900014,R04C01,Plate_23,D09,Male
7891005,206680900014,R05C01,Plate_23,E09,Male
7891039,206680900014,R06C01,Plate_23,F09,Male
7891062,206680900014,R07C01,Plate_23,G09,Male
7900905,206680900014,R08C01,Plate_23,H09,Male
7887714,206680900030,R01C01,Plate_23,A10,Male
7887755,206680900030,R02C01,Plate_23,B10,Male
7891138,206680900030,R03C01,Plate_23,C10,Female
7894421,206680900030,R04C01,Plate_23,D10,Female
7900947,206680900030,R05C01,Plate_23,E10,Male
7904261,206680900030,R06C01,Plate_23,F10,Male
7904295,206680900030,R07C01,Plate_23,G10,Male
7877079,206680900030,R08C01,Plate_23,H10,Male
7877103,206680900077,R01C01,Plate_23,A11,Male
7877137,206680900077,R02C01,Plate_23,B11,Male
7877160,206680900077,R03C01,Plate_23,C11,Male
7877194,206680900077,R04C01,Plate_23,D11,Male
7877228,206680900077,R05C01,Plate_23,E11,Male
7877251,206680900077,R06C01,Plate_23,F11,Male
7887797,206680900077,R07C01,Plate_23,G11,Male
7887839,206680900077,R08C01,Plate_23,H11,Male
7891161,206680900076,R01C01,Plate_23,A12,Female
7891211,206680900076,R02C01,Plate_23,B12,Female
7904352,206680900076,R03C01,Plate_23,C12,Male
7904402,206680900076,R04C01,Plate_23,D12,Male
7904436,206680900076,R05C01,Plate_23,E12,Female
7904485,206680900076,R06C01,Plate_23,F12,Male
7886708,206680900076,R07C01,Plate_23,G12,Female
7886732,206680900076,R08C01,Plate_23,H12,Male
7887870,206680900078,R01C01,Plate_24,A01,Female
7887904,206680900078,R02C01,Plate_24,B01,Male
7887946,206680900078,R03C01,Plate_24,C01,Female
7891245,206680900078,R04C01,Plate_24,D01,Male
7891278,206680900078,R05C01,Plate_24,E01,Male
7891302,206680900078,R06C01,Plate_24,F01,Male
7895642,206680900078,R07C01,Plate_24,G01,Male
7895683,206680900078,R08C01,Plate_24,H01,Male
7895717,206680900088,R01C01,Plate_24,A02,Male
7895741,206680900088,R02C01,Plate_24,B02,Male
7907207,206680900088,R03C01,Plate_24,C02,Female
7891344,206680900088,R04C01,Plate_24,D02,Male
7891377,206680900088,R05C01,Plate_24,E02,Female
7891401,206680900088,R06C01,Plate_24,F02,Female
7895782,206680900088,R07C01,Plate_24,G02,Female
7883721,206680900088,R08C01,Plate_24,H02,Male
7883754,206680900090,R01C01,Plate_24,A03,Female
7883788,206680900090,R02C01,Plate_24,B03,Male
7883812,206680900090,R03C01,Plate_24,C03,Male
7883846,206680900090,R04C01,Plate_24,D03,Male
7883879,206680900090,R05C01,Plate_24,E03,Male
7888001,206680900090,R06C01,Plate_24,F03,Male
7888035,206680900090,R07C01,Plate_24,G03,Female
7888068,206680900090,R08C01,Plate_24,H03,Male
7888100,206680900107,R01C01,Plate_24,A04,Female
7891435,206680900107,R02C01,Plate_24,B04,Male
7891468,206680900107,R03C01,Plate_24,C04,Male
7891492,206680900107,R04C01,Plate_24,D04,Male
7891534,206680900107,R05C01,Plate_24,E04,Female
7904535,206680900107,R06C01,Plate_24,F04,Female
7904584,206680900107,R07C01,Plate_24,G04,Male
7904634,206680900107,R08C01,Plate_24,H04,Female
7904667,206680900011,R01C01,Plate_24,A05,Male
7904691,206680900011,R02C01,Plate_24,B05,Male
7904741,206680900011,R03C01,Plate_24,C05,Female
7904790,206680900011,R04C01,Plate_24,D05,Female
7883598,206680900011,R05C01,Plate_24,E05,Male
7883622,206680900011,R06C01,Plate_24,F05,Male
7883655,206680900011,R07C01,Plate_24,G05,Male
7883689,206680900011,R08C01,Plate_24,H05,Male
7888167,206680900012,R01C01,Plate_24,A06,Male
7888191,206680900012,R02C01,Plate_24,B06,Male
7891575,206680900012,R03C01,Plate_24,C06,Female
7891633,206680900012,R04C01,Plate_24,D06,Female
7904832,206680900012,R05C01,Plate_24,E06,Male
7904881,206680900012,R06C01,Plate_24,F06,Male
7883234,206680900012,R07C01,Plate_24,G06,Male
7883267,206680900012,R08C01,Plate_24,H06,Female
7883291,206680900033,R01C01,Plate_24,A07,Female
7883325,206680900033,R02C01,Plate_24,B07,Male
7883382,206680900033,R03C01,Plate_24,C07,Male
7883499,206680900033,R04C01,Plate_24,D07,Male
7883523,206680900033,R05C01,Plate_24,E07,Female
7888225,206680900033,R06C01,Plate_24,F07,Male
7888506,206680900033,R07C01,Plate_24,G07,Female
7888530,206680900033,R08C01,Plate_24,H07,Female
7891666,206680900067,R01C01,Plate_24,A08,Male
7891708,206680900067,R02C01,Plate_24,B08,Male
7904931,206680900067,R03C01,Plate_24,C08,Male
7904964,206680900067,R04C01,Plate_24,D08,Male
7904998,206680900067,R05C01,Plate_24,E08,Male
7905029,206680900067,R06C01,Plate_24,F08,Male
7905078,206680900067,R07C01,Plate_24,G08,Male
7905128,206680900067,R08C01,Plate_24,H08,Male
7891757,206680900084,R01C01,Plate_24,A09,Male
7891799,206680900084,R02C01,Plate_24,B09,Male
7891831,206680900084,R03C01,Plate_24,C09,Male
7891872,206680900084,R04C01,Plate_24,D09,Male
7891906,206680900084,R05C01,Plate_24,E09,Female
7901234,206680900084,R06C01,Plate_24,F09,Male
7901267,206680900084,R07C01,Plate_24,G09,Male
7905177,206680900084,R08C01,Plate_24,H09,Male
7906753,206680900089,R01C01,Plate_24,A10,Male
7906787,206680900089,R02C01,Plate_24,B10,Male
7891930,206680900089,R03C01,Plate_24,C10,Male
7900277,206680900089,R04C01,Plate_24,D10,Male
7900301,206680900089,R05C01,Plate_24,E10,Male
7900335,206680900089,R06C01,Plate_24,F10,Male
7901473,206680900089,R07C01,Plate_24,G10,Male
7901507,206680900089,R08C01,Plate_24,H10,Male
7905201,206680900095,R01C01,Plate_24,A11,Male
7905250,206680900095,R02C01,Plate_24,B11,Male
7901531,206680900095,R03C01,Plate_24,C11,Male
7901564,206680900095,R04C01,Plate_24,D11,Male
7871312,206680900095,R05C01,Plate_24,E11,Male
7871346,206680900095,R06C01,Plate_24,F11,Male
7871379,206680900095,R07C01,Plate_24,G11,Male
7871403,206680900095,R08C01,Plate_24,H11,Male
7901283,206680900096,R01C01,Plate_24,A12,Male
7901317,206680900096,R02C01,Plate_24,B12,Male
7901598,206680900096,R03C01,Plate_24,C12,Male
7901622,206680900096,R04C01,Plate_24,D12,Male
7901655,206680900096,R05C01,Plate_24,E12,Male
7905284,206680900096,R06C01,Plate_24,F12,Male
7905326,206680900096,R07C01,Plate_24,G12,Male
7905367,206680900096,R08C01,Plate_24,H12,Male
7905391,206680900137,R01C01,Plate_25,A01,Female
7871452,206680900137,R02C01,Plate_25,B01,Male
7871494,206680900137,R03C01,Plate_25,C01,Male
7871528,206680900137,R04C01,Plate_25,D01,Female
7891963,206680900137,R05C01,Plate_25,E01,Male
7891997,206680900137,R06C01,Plate_25,F01,Female
7892029,206680900137,R07C01,Plate_25,G01,Male
7901366,206680900137,R08C01,Plate_25,H01,Male
7901390,206680900163,R01C01,Plate_25,A02,Male
7905441,206680900163,R02C01,Plate_25,B02,Male
7905490,206680900163,R03C01,Plate_25,C02,Male
7905557,206680900163,R04C01,Plate_25,D02,Male
7871569,206680900163,R05C01,Plate_25,E02,Male
7871593,206680900163,R06C01,Plate_25,F02,Male
7888274,206680900163,R07C01,Plate_25,G02,Male
7888340,206680900163,R08C01,Plate_25,H02,Male
7888381,206680900165,R01C01,Plate_25,A03,Male
7895956,206680900165,R02C01,Plate_25,B03,Female
7895980,206680900165,R03C01,Plate_25,C03,Male
7896012,206680900165,R04C01,Plate_25,D03,Female
7896046,206680900165,R05C01,Plate_25,E03,Male
7901440,206680900165,R06C01,Plate_25,F03,Female
7905581,206680900165,R07C01,Plate_25,G03,Female
7905631,206680900165,R08C01,Plate_25,H03,Male
7905680,206680900167,R01C01,Plate_25,A04,Male
7905714,206680900167,R02C01,Plate_25,B04,Male
7905763,206680900167,R03C01,Plate_25,C04,Male
7871627,206680900167,R04C01,Plate_25,D04,Male
7883952,206680900167,R05C01,Plate_25,E04,Female
7894470,206680900167,R06C01,Plate_25,F04,Male
7871676,206680900167,R07C01,Plate_25,G04,Male
7871700,206680900167,R08C01,Plate_25,H04,Male
7871767,206680900005,R01C01,Plate_25,A05,Male
7888456,206680900005,R02C01,Plate_25,B05,Female
7888480,206680900005,R03C01,Plate_25,C05,Male
7888589,206680900005,R04C01,Plate_25,D05,Male
7888621,206680900005,R05C01,Plate_25,E05,Male
7896103,206680900005,R06C01,Plate_25,F05,Female
7905847,206680900005,R07C01,Plate_25,G05,Female
7871817,206680900005,R08C01,Plate_25,H05,Female
7871841,206680900016,R01C01,Plate_25,A06,Male
7884000,206680900016,R02C01,Plate_25,B06,Female
7884034,206680900016,R03C01,Plate_25,C06,Male
7888696,206680900016,R04C01,Plate_25,D06,Female
7905870,206680900016,R05C01,Plate_25,E06,Male
7884083,206680900016,R06C01,Plate_25,F06,Male
7877343,206680900016,R07C01,Plate_25,G06,Male
7877376,206680900016,R08C01,Plate_25,H06,Female
7877400,206680900020,R01C01,Plate_25,A07,Male
7896145,206680900020,R02C01,Plate_25,B07,Male
7899313,206680900020,R03C01,Plate_25,C07,Male
7920432,206680900020,R04C01,Plate_25,D07,Female
7920457,206680900020,R05C01,Plate_25,E07,Female
7920473,206680900020,R06C01,Plate_25,F07,Male
7920507,206680900020,R07C01,Plate_25,G07,Male
7871908,206680900020,R08C01,Plate_25,H07,Male
7877459,206680900044,R01C01,Plate_25,A08,Female
7881311,206680900044,R02C01,Plate_25,B08,Male
7896178,206680900044,R03C01,Plate_25,C08,Male
7920523,206680900044,R04C01,Plate_25,D08,Male
7920549,206680900044,R05C01,Plate_25,E08,Male
7896202,206680900044,R06C01,Plate_25,F08,Female
7905920,206680900044,R07C01,Plate_25,G08,Female
7896236,206680900044,R08C01,Plate_25,H08,Male
7899073,206680900046,R01C01,Plate_25,A09,Male
7920192,206680900046,R02C01,Plate_25,B09,Female
7920200,206680900046,R03C01,Plate_25,C09,Male
7920234,206680900046,R04C01,Plate_25,D09,Female
7920267,206680900046,R05C01,Plate_25,E09,Female
7920283,206680900046,R06C01,Plate_25,F09,Male
7920317,206680900046,R07C01,Plate_25,G09,Female
7919467,206680900046,R08C01,Plate_25,H09,Female
7919491,206680900058,R01C01,Plate_25,A10,Male
7871932,206680900058,R02C01,Plate_25,B10,Female
7919517,206680900058,R03C01,Plate_25,C10,Male
7919533,206680900058,R04C01,Plate_25,D10,Male
7919558,206680900058,R05C01,Plate_25,E10,Male
7919574,206680900058,R06C01,Plate_25,F10,Female
7920564,206680900058,R07C01,Plate_25,G10,Male
7920580,206680900058,R08C01,Plate_25,H10,Male
7920606,206680900060,R01C01,Plate_25,A11,Female
7920648,206680900060,R02C01,Plate_25,B11,Male
7919624,206680900060,R03C01,Plate_25,C11,Female
7871973,206680900060,R04C01,Plate_25,D11,Female
7872005,206680900060,R05C01,Plate_25,E11,Male
7872039,206680900060,R06C01,Plate_25,F11,Male
7872070,206680900060,R07C01,Plate_25,G11,Male
7888753,206680900060,R08C01,Plate_25,H11,Male
7888787,206680900162,R01C01,Plate_25,A12,Male
7888837,206680900162,R02C01,Plate_25,B12,Male
7888886,206680900162,R03C01,Plate_25,C12,Male
7888910,206680900162,R04C01,Plate_25,D12,Female
7888977,206680900162,R05C01,Plate_25,E12,Male
7896269,206680900162,R06C01,Plate_25,F12,Male
7896301,206680900162,R07C01,Plate_25,G12,Female
7896335,206680900162,R08C01,Plate_25,H12,Male
7896376,206675210001,R01C01,Plate_26,A01,Female
7920390,206675210001,R02C01,Plate_26,B01,Male
7877558,206675210001,R03C01,Plate_26,C01,Male
7877582,206675210001,R04C01,Plate_26,D01,Male
7877632,206675210001,R05C01,Plate_26,E01,Female
7877681,206675210001,R06C01,Plate_26,F01,Male
7877731,206675210001,R07C01,Plate_26,G01,Male
7877764,206675210001,R08C01,Plate_26,H01,Male
7896426,206675210001,R01C01,Plate_26,A02,Male
7896459,206675210001,R02C01,Plate_26,B02,Male
7896483,206675210001,R03C01,Plate_26,C02,Male
7896517,206675210001,R04C01,Plate_26,D02,Male
7899388,206675210001,R05C01,Plate_26,E02,Female
7899412,206675210001,R06C01,Plate_26,F02,Male
7878325,206675210001,R07C01,Plate_26,G02,Male
7872104,206675210001,R08C01,Plate_26,H02,Male
7872146,206675210010,R01C01,Plate_26,A03,Male
7872179,206675210010,R02C01,Plate_26,B03,Female
7872203,206675210010,R03C01,Plate_26,C03,Male
7872237,206675210010,R04C01,Plate_26,D03,Male
7877814,206675210010,R05C01,Plate_26,E03,Male
7877863,206675210010,R06C01,Plate_26,F03,Male
7877897,206675210010,R07C01,Plate_26,G03,Male
7877921,206675210010,R08C01,Plate_26,H03,Male
7877970,206675210012,R01C01,Plate_26,A04,Male
7896541,206675210012,R02C01,Plate_26,B04,Male
7896574,206675210012,R03C01,Plate_26,C04,Male
7896616,206675210012,R04C01,Plate_26,D04,Female
7896640,206675210012,R05C01,Plate_26,E04,Male
7896673,206675210012,R06C01,Plate_26,F04,Female
7896707,206675210012,R07C01,Plate_26,G04,Male
7896749,206675210012,R08C01,Plate_26,H04,Male
7896814,206675210019,R01C01,Plate_26,A05,Male
7896848,206675210019,R02C01,Plate_26,B05,Female
7919947,206675210019,R03C01,Plate_26,C05,Male
7919962,206675210019,R04C01,Plate_26,D05,Male
7919988,206675210019,R05C01,Plate_26,E05,Male
7920010,206675210019,R06C01,Plate_26,F05,Female
7920036,206675210019,R07C01,Plate_26,G05,Female
7920051,206675210019,R08C01,Plate_26,H05,Female
7920077,206675210020,R01C01,Plate_26,A06,Female
7920093,206675210020,R02C01,Plate_26,B06,Male
7920127,206675210020,R03C01,Plate_26,C06,Male
7872278,206675210020,R04C01,Plate_26,D06,Male
7872302,206675210020,R05C01,Plate_26,E06,Male
7872336,206675210020,R06C01,Plate_26,F06,Male
7872369,206675210020,R07C01,Plate_26,G06,Male
7878044,206675210020,R08C01,Plate_26,H06,Male
7878085,206675210021,R01C01,Plate_26,A07,Male
7878135,206675210021,R02C01,Plate_26,B07,Male
7896921,206675210021,R03C01,Plate_26,C07,Male
7896962,206675210021,R04C01,Plate_26,D07,Male
7897002,206675210021,R05C01,Plate_26,E07,Male
7897044,206675210021,R06C01,Plate_26,F07,Female
7872393,206675210021,R07C01,Plate_26,G07,Male
7872427,206675210021,R08C01,Plate_26,H07,Male
7872450,206675210035,R01C01,Plate_26,A08,Male
7878184,206675210035,R02C01,Plate_26,B08,Male
7878234,206675210035,R03C01,Plate_26,C08,Male
7897085,206675210035,R04C01,Plate_26,D08,Female
7897143,206675210035,R05C01,Plate_26,E08,Female
7897176,206675210035,R06C01,Plate_26,F08,Male
7878275,206675210035,R07C01,Plate_26,G08,Male
7878374,206675210035,R08C01,Plate_26,H08,Male
7897226,206680910007,R01C01,Plate_26,A09,Male
7899446,206680910007,R02C01,Plate_26,B09,Male
7923071,206680910007,R03C01,Plate_26,C09,Female
7923105,206680910007,R04C01,Plate_26,D09,Male
7870355,206680910007,R05C01,Plate_26,E09,Male
7870389,206680910007,R06C01,Plate_26,F09,Female
7870595,206680910007,R07C01,Plate_26,G09,Male
7870629,206680910007,R08C01,Plate_26,H09,Male
7870660,206680910009,R01C01,Plate_26,A10,Male
7870694,206680910009,R02C01,Plate_26,B10,Female
7870751,206680910009,R03C01,Plate_26,C10,Male
7872518,206680910009,R04C01,Plate_26,D10,Male
7872559,206680910009,R05C01,Plate_26,E10,Male
7872583,206680910009,R06C01,Plate_26,F10,Male
7872617,206680910009,R07C01,Plate_26,G10,Male
7872658,206680910009,R08C01,Plate_26,H10,Male
7872682,206680910019,R01C01,Plate_26,A11,Female
7872716,206680910019,R02C01,Plate_26,B11,Male
7878408,206680910019,R03C01,Plate_26,C11,Female
7878432,206680910019,R04C01,Plate_26,D11,Female
7878465,206680910019,R05C01,Plate_26,E11,Female
7878499,206680910019,R06C01,Plate_26,F11,Male
7878523,206680910019,R07C01,Plate_26,G11,Female
7878556,206680910019,R08C01,Plate_26,H11,Female
7878580,206680900118,R01C01,Plate_26,A12,Male
7878630,206680900118,R02C01,Plate_26,B12,Male
7884679,206680900118,R03C01,Plate_26,C12,Male
7884703,206680900118,R04C01,Plate_26,D12,Male
7884737,206680900118,R05C01,Plate_26,E12,Female
7884778,206680900118,R06C01,Plate_26,F12,Male
7884802,206680900118,R07C01,Plate_26,G12,Female
7884844,206680900118,R08C01,Plate_26,H12,Male
7884885,206680900119,R01C01,Plate_27,A01,Male
7870447,206680900119,R02C01,Plate_27,B01,Female
7870470,206680900119,R03C01,Plate_27,C01,Female
7870785,206680900119,R04C01,Plate_27,D01,Male
7872773,206680900119,R05C01,Plate_27,E01,Male
7878663,206680900119,R06C01,Plate_27,F01,Male
7897259,206680900119,R07C01,Plate_27,G01,Female
7893589,206680900119,R08C01,Plate_27,H01,Male
7893621,206680900120,R01C01,Plate_27,A02,Male
7893654,206680900120,R02C01,Plate_27,B02,Male
7893688,206680900120,R03C01,Plate_27,C02,Male
7893712,206680900120,R04C01,Plate_27,D02,Female
7897283,206680900120,R05C01,Plate_27,E02,Male
7897317,206680900120,R06C01,Plate_27,F02,Male
7897341,206680900120,R07C01,Plate_27,G02,Male
7898836,206680900120,R08C01,Plate_27,H02,Male
7898869,206680900136,R01C01,Plate_27,A03,Male
7898893,206680900136,R02C01,Plate_27,B03,Male
7898927,206680900136,R03C01,Plate_27,C03,Male
7898950,206680900136,R04C01,Plate_27,D03,Male
7898984,206680900136,R05C01,Plate_27,E03,Male
7899016,206680900136,R06C01,Plate_27,F03,Male
7919657,206680900136,R07C01,Plate_27,G03,Female
7919681,206680900136,R08C01,Plate_27,H03,Male
7920143,206680900180,R01C01,Plate_27,A04,Female
7923121,206680900180,R02C01,Plate_27,B04,Male
7923147,206680900180,R03C01,Plate_27,C04,Male
7923170,206680900180,R04C01,Plate_27,D04,Female
7923196,206680900180,R05C01,Plate_27,E04,Female
7878721,206680900180,R06C01,Plate_27,F04,Male
7878754,206680900180,R07C01,Plate_27,G04,Male
7878788,206680900180,R08C01,Plate_27,H04,Male
7884190,206680900007,R01C01,Plate_27,A05,Male
7884232,206680900007,R02C01,Plate_27,B05,Male
7893753,206680900007,R03C01,Plate_27,C05,Female
7897416,206680900007,R04C01,Plate_27,D05,Female
7897440,206680900007,R05C01,Plate_27,E05,Female
7897473,206680900007,R06C01,Plate_27,F05,Male
7898356,206680900007,R07C01,Plate_27,G05,Male
7898380,206680900007,R08C01,Plate_27,H05,Male
7898414,20668090043,R01C01,Plate_27,A06,Male
7923311,20668090043,R02C01,Plate_27,B06,Male
7884265,20668090043,R03C01,Plate_27,C06,Male
7884315,20668090043,R04C01,Plate_27,D06,Male
7897507,20668090043,R05C01,Plate_27,E06,Male
7897549,20668090043,R06C01,Plate_27,F06,Male
7897572,20668090043,R07C01,Plate_27,G06,Male
7897606,20668090043,R08C01,Plate_27,H06,Female
7897648,206680900064,R01C01,Plate_27,A07,Male
7898463,206680900064,R02C01,Plate_27,B07,Male
7923238,206680900064,R03C01,Plate_27,C07,Male
7878812,206680900064,R04C01,Plate_27,D07,Male
7878861,206680900064,R05C01,Plate_27,E07,Male
7878911,206680900064,R06C01,Plate_27,F07,Female
7897697,206680900064,R07C01,Plate_27,G07,Female
7897721,206680900064,R08C01,Plate_27,H07,Female
7898620,206680900066,R01C01,Plate_27,A08,Male
7898653,206680900066,R02C01,Plate_27,B08,Male
7898687,206680900066,R03C01,Plate_27,C08,Male
7898711,206680900066,R04C01,Plate_27,D08,Male
7898745,206680900066,R05C01,Plate_27,E08,Male
7897770,206680900066,R06C01,Plate_27,F08,Female
7900350,206680900066,R07C01,Plate_27,G08,Male
7870728,206680900066,R08C01,Plate_27,H08,Female
7884356,206680900087,R01C01,Plate_27,A09,Male
7897820,206680900087,R02C01,Plate_27,B09,Male
7897853,206680900087,R03C01,Plate_27,C09,Male
7897887,206680900087,R04C01,Plate_27,D09,Male
7898794,206680900087,R05C01,Plate_27,E09,Male
7881550,206680900087,R06C01,Plate_27,F09,Female
7881584,206680900087,R07C01,Plate_27,G09,Female
7881618,206680900087,R08C01,Plate_27,H09,Male
7881642,206680900093,R01C01,Plate_27,A10,Male
7881675,206680900093,R02C01,Plate_27,B10,Male
7897937,206680900093,R03C01,Plate_27,C10,Male
7897960,206680900093,R04C01,Plate_27,D10,Male
7897994,206680900093,R05C01,Plate_27,E10,Female
7898042,206680900093,R06C01,Plate_27,F10,Male
7878994,206680900093,R07C01,Plate_27,G10,Female
7879026,206680900093,R08C01,Plate_27,H10,Female
7879059,206680900125,R01C01,Plate_27,A11,Male
7879117,206680900125,R02C01,Plate_27,B11,Male
7879158,206680900125,R03C01,Plate_27,C11,Male
7879190,206680900125,R04C01,Plate_27,D11,Male
7879232,206680900125,R05C01,Plate_27,E11,Male
7879265,206680900125,R06C01,Plate_27,F11,Male
7881790,206680900125,R07C01,Plate_27,G11,Male
7881832,206680900125,R08C01,Plate_27,H11,Female
7881873,206680900145,R01C01,Plate_27,A12,Male
7881915,206680900145,R02C01,Plate_27,B12,Male
7898117,206680900145,R03C01,Plate_27,C12,Female
162078,206680900145,R04C01,Plate_27,D12,Female
162081,206680900145,R05C01,Plate_27,E12,Female
162084,206680900145,R06C01,Plate_27,F12,Male
162087,206680900145,R07C01,Plate_27,G12,Female
162090,206680900145,R08C01,Plate_27,H12,Female
162093,206972330035,R01C01,Plate_28,A01,Female
162097,206972330035,R02C01,Plate_28,B01,Male
162100,206972330035,R03C01,Plate_28,C01,Male
162103,206972330035,R04C01,Plate_28,D01,Male
162106,206972330035,R05C01,Plate_28,E01,Male
162109,206972330035,R06C01,Plate_28,F01,Female
162112,206972330035,R07C01,Plate_28,G01,Male
162118,206972330035,R08C01,Plate_28,H01,Male
162124,206972330046,R01C01,Plate_28,A02,Female
162127,206972330046,R02C01,Plate_28,B02,Male
162130,206972330046,R03C01,Plate_28,C02,Female
162136,206972330046,R04C01,Plate_28,D02,Male
162142,206972330046,R05C01,Plate_28,E02,Female
162145,206972330046,R06C01,Plate_28,F02,Male
162148,206972330046,R07C01,Plate_28,G02,Male
162151,206972330046,R08C01,Plate_28,H02,Male
162154,206972330047,R01C01,Plate_28,A03,Male
162157,206972330047,R02C01,Plate_28,B03,Male
162160,206972330047,R03C01,Plate_28,C03,Female
162186,206972330047,R04C01,Plate_28,D03,Male
162195,206972330047,R05C01,Plate_28,E03,Female
162198,206972330047,R06C01,Plate_28,F03,Female
162201,206972330047,R07C01,Plate_28,G03,Female
162204,206972330047,R08C01,Plate_28,H03,Male
162207,206972330048,R01C01,Plate_28,A04,Female
162210,206972330048,R02C01,Plate_28,B04,Female
162213,206972330048,R03C01,Plate_28,C04,Male
162216,206972330048,R04C01,Plate_28,D04,Male
162219,206972330048,R05C01,Plate_28,E04,Male
162222,206972330048,R06C01,Plate_28,F04,Male
162225,206972330048,R07C01,Plate_28,G04,Male
162228,206972330048,R08C01,Plate_28,H04,Female
162231,206972330066,R01C01,Plate_28,A05,Female
162234,206972330066,R02C01,Plate_28,B05,Male
162237,206972330066,R03C01,Plate_28,C05,Female
162240,206972330066,R04C01,Plate_28,D05,Female
162243,206972330066,R05C01,Plate_28,E05,Female
162246,206972330066,R06C01,Plate_28,F05,Female
162249,206972330066,R07C01,Plate_28,G05,Male
162252,206972330066,R08C01,Plate_28,H05,Male
162255,206972330090,R01C01,Plate_28,A06,Male
162271,206972330090,R02C01,Plate_28,B06,Female
162274,206972330090,R03C01,Plate_28,C06,Female
162277,206972330090,R04C01,Plate_28,D06,Male
162280,206972330090,R05C01,Plate_28,E06,Female
162283,206972330090,R06C01,Plate_28,F06,Female
162286,206972330090,R07C01,Plate_28,G06,Male
162289,206972330090,R08C01,Plate_28,H06,Male
162292,206972330101,R01C01,Plate_28,A07,Female
162295,206972330101,R02C01,Plate_28,B07,Female
162298,206972330101,R03C01,Plate_28,C07,Male
162301,206972330101,R04C01,Plate_28,D07,Male
162304,206972330101,R05C01,Plate_28,E07,Female
162307,206972330101,R06C01,Plate_28,F07,Male
162310,206972330101,R07C01,Plate_28,G07,Female
162313,206972330101,R08C01,Plate_28,H07,Female
162316,206972330105,R01C01,Plate_28,A08,Female
162319,206972330105,R02C01,Plate_28,B08,Female
162322,206972330105,R03C01,Plate_28,C08,Male
162325,206972330105,R04C01,Plate_28,D08,Male
162328,206972330105,R05C01,Plate_28,E08,Male
162331,206972330105,R06C01,Plate_28,F08,Female
162337,206972330105,R07C01,Plate_28,G08,Male
162340,206972330105,R08C01,Plate_28,H08,Female
162357,206959430016,R01C01,Plate_28,A09,Male
162360,206959430016,R02C01,Plate_28,B09,Female
162363,206959430016,R03C01,Plate_28,C09,Female
162366,206959430016,R04C01,Plate_28,D09,Male
162369,206959430016,R05C01,Plate_28,E09,Female
162372,206959430016,R06C01,Plate_28,F09,Male
162375,206959430016,R07C01,Plate_28,G09,Male
162378,206959430016,R08C01,Plate_28,H09,Male
162381,206959430017,R01C01,Plate_28,A10,Female
162384,206959430017,R02C01,Plate_28,B10,Male
162387,206959430017,R03C01,Plate_28,C10,Female
162390,206959430017,R04C01,Plate_28,D10,Male
162393,206959430017,R05C01,Plate_28,E10,Female
162396,206959430017,R06C01,Plate_28,F10,Male
162399,206959430017,R07C01,Plate_28,G10,Female
162402,206959430017,R08C01,Plate_28,H10,Male
162405,206959430018,R01C01,Plate_28,A11,Male
162408,206959430018,R02C01,Plate_28,B11,Female
162411,206959430018,R03C01,Plate_28,C11,Male
162414,206959430018,R04C01,Plate_28,D11,Female
162417,206959430018,R05C01,Plate_28,E11,Female
162443,206959430018,R06C01,Plate_28,F11,Female
162446,206959430018,R07C01,Plate_28,G11,Male
162449,206959430018,R08C01,Plate_28,H11,Male
162452,206959430040,R01C01,Plate_28,A12,Male
162455,206959430040,R02C01,Plate_28,B12,Male
162458,206959430040,R03C01,Plate_28,C12,Male
162461,206959430040,R04C01,Plate_28,D12,Male
162464,206959430040,R05C01,Plate_28,E12,Male
162467,206959430040,R06C01,Plate_28,F12,Male
162470,206959430040,R07C01,Plate_28,G12,Male
162473,206959430040,R08C01,Plate_28,H12,Female
162476,206959430041,R01C01,Plate_29,A01,Male
162479,206959430041,R02C01,Plate_29,B01,Male
162482,206959430041,R03C01,Plate_29,C01,Male
162488,206959430041,R04C01,Plate_29,D01,Male
162491,206959430041,R05C01,Plate_29,E01,Female
162494,206959430041,R06C01,Plate_29,F01,Male
162497,206959430041,R07C01,Plate_29,G01,Female
162500,206959430041,R08C01,Plate_29,H01,Female
162503,206959430042,R01C01,Plate_29,A02,Male
162506,206959430042,R02C01,Plate_29,B02,Male
162514,206959430042,R03C01,Plate_29,C02,Male
162517,206959430042,R04C01,Plate_29,D02,Male
162520,206959430042,R05C01,Plate_29,E02,Male
162523,206959430042,R06C01,Plate_29,F02,Female
162526,206959430042,R07C01,Plate_29,G02,Male
162529,206959430042,R08C01,Plate_29,H02,Female
162532,206959430064,R01C01,Plate_29,A03,Female
162535,206959430064,R02C01,Plate_29,B03,Male
162538,206959430064,R03C01,Plate_29,C03,Female
162541,206959430064,R04C01,Plate_29,D03,Female
162544,206959430064,R05C01,Plate_29,E03,Female
162547,206959430064,R06C01,Plate_29,F03,Female
162550,206959430064,R07C01,Plate_29,G03,Male
162553,206959430064,R08C01,Plate_29,H03,Female
162556,206959430066,R01C01,Plate_29,A04,Female
162559,206959430066,R02C01,Plate_29,B04,Male
162562,206959430066,R03C01,Plate_29,C04,Male
162565,206959430066,R04C01,Plate_29,D04,Male
162568,206959430066,R05C01,Plate_29,E04,Male
162571,206959430066,R06C01,Plate_29,F04,Female
162581,206959430066,R07C01,Plate_29,G04,Female
162584,206959430066,R08C01,Plate_29,H04,Female
162587,206967080003,R01C01,Plate_29,A05,Male
162590,206967080003,R02C01,Plate_29,B05,Female
162593,206967080003,R03C01,Plate_29,C05,Male
162596,206967080003,R04C01,Plate_29,D05,Male
162599,206967080003,R05C01,Plate_29,E05,Female
162602,206967080003,R06C01,Plate_29,F05,Female
162605,206967080003,R07C01,Plate_29,G05,Female
162631,206967080003,R08C01,Plate_29,H05,Female
162634,206967080026,R01C01,Plate_29,A06,Female
162637,206967080026,R02C01,Plate_29,B06,Female
162640,206967080026,R03C01,Plate_29,C06,Male
162643,206967080026,R04C01,Plate_29,D06,Male
162646,206967080026,R05C01,Plate_29,E06,Female
162649,206967080026,R06C01,Plate_29,F06,Male
162652,206967080026,R07C01,Plate_29,G06,Male
162655,206967080026,R08C01,Plate_29,H06,Male
162658,206967080032,R01C01,Plate_29,A07,Female
162661,206967080032,R02C01,Plate_29,B07,Female
162664,206967080032,R03C01,Plate_29,C07,Female
162667,206967080032,R04C01,Plate_29,D07,Male
162670,206967080032,R05C01,Plate_29,E07,Female
162673,206967080032,R06C01,Plate_29,F07,Male
162676,206967080032,R07C01,Plate_29,G07,Female
162679,206967080032,R08C01,Plate_29,H07,Female
162682,206967080041,R01C01,Plate_29,A08,Male
162685,206967080041,R02C01,Plate_29,B08,Male
162688,206967080041,R03C01,Plate_29,C08,Female
162691,206967080041,R04C01,Plate_29,D08,Male
162694,206967080041,R05C01,Plate_29,E08,Male
162697,206967080041,R06C01,Plate_29,F08,Female
162703,206967080041,R07C01,Plate_29,G08,Male
162722,206967080041,R08C01,Plate_29,H08,Female
162725,206959430044,R01C01,Plate_29,A09,Male
162728,206959430044,R02C01,Plate_29,B09,Male
162731,206959430044,R03C01,Plate_29,C09,Female
162734,206959430044,R04C01,Plate_29,D09,Male
162737,206959430044,R05C01,Plate_29,E09,Male
162740,206959430044,R06C01,Plate_29,F09,Male
162743,206959430044,R07C01,Plate_29,G09,Male
162746,206959430044,R08C01,Plate_29,H09,Male
162749,206959430045,R01C01,Plate_29,A10,Male
162752,206959430045,R02C01,Plate_29,B10,Female
162755,206959430045,R03C01,Plate_29,C10,Female
162758,206959430045,R04C01,Plate_29,D10,Male
162761,206959430045,R05C01,Plate_29,E10,Male
162764,206959430045,R06C01,Plate_29,F10,Female
162767,206959430045,R07C01,Plate_29,G10,Male
162770,206959430045,R08C01,Plate_29,H10,Male
162773,206967080048,R01C01,Plate_29,A11,Female
162776,206967080048,R02C01,Plate_29,B11,Male
162779,206967080048,R03C01,Plate_29,C11,Male
162782,206967080048,R04C01,Plate_29,D11,Male
162785,206967080048,R05C01,Plate_29,E11,Male
162788,206967080048,R06C01,Plate_29,F11,Male
162791,206967080048,R07C01,Plate_29,G11,Male
162794,206967080048,R08C01,Plate_29,H11,Male
162823,206967080068,R01C01,Plate_29,A12,Male
162826,206967080068,R02C01,Plate_29,B12,Male
162829,206967080068,R03C01,Plate_29,C12,Male
162832,206967080068,R04C01,Plate_29,D12,Female
162835,206967080068,R05C01,Plate_29,E12,Male
162838,206967080068,R06C01,Plate_29,F12,Female
162841,206967080068,R07C01,Plate_29,G12,Male
162844,206967080068,R08C01,Plate_29,H12,Female
7807621,205695340043,R01C01,Plate_03,A01,Male
7808439,205695340043,R02C01,Plate_03,B01,Male
7808462,205695340043,R03C01,Plate_03,C01,Female
7808496,205695340043,R04C01,Plate_03,D01,Male
7808520,205695340043,R05C01,Plate_03,E01,Male
7808553,205695340043,R06C01,Plate_03,F01,Female
7808587,205695340043,R07C01,Plate_03,G01,Male
7804065,205695340043,R08C01,Plate_03,H01,Female
7804099,205695340044,R01C01,Plate_03,A02,Male
7804123,205695340044,R02C01,Plate_03,B02,Male
7804156,205695340044,R03C01,Plate_03,C02,Male
7804180,205695340044,R04C01,Plate_03,D02,Male
7804214,205695340044,R05C01,Plate_03,E02,Male
7804248,205695340044,R06C01,Plate_03,F02,Female
7806557,205695340044,R07C01,Plate_03,G02,Female
7806615,205695340044,R08C01,Plate_03,H02,Female
7806649,205695340073,R01C01,Plate_03,A03,Male
7806672,205695340073,R02C01,Plate_03,B03,Male
7806706,205695340073,R03C01,Plate_03,C03,Female
7806730,205695340073,R04C01,Plate_03,D03,Male
7806797,205695340073,R05C01,Plate_03,E03,Male
7808611,205695340073,R06C01,Plate_03,F03,Female
7808645,205695340073,R07C01,Plate_03,G03,Male
7808678,205695340073,R08C01,Plate_03,H03,Male
7808702,205695340075,R01C01,Plate_03,A04,Female
7808736,205695340075,R02C01,Plate_03,B04,Male
7808793,205695340075,R03C01,Plate_03,C04,Male
7808827,205695340075,R04C01,Plate_03,D04,Female
7808850,205695340075,R05C01,Plate_03,E04,Male
7808884,205695340075,R06C01,Plate_03,F04,Female
7795925,205695340075,R07C01,Plate_03,G04,Female
7804271,205695340075,R08C01,Plate_03,H04,Female
7804305,205695340091,R01C01,Plate_03,A05,Male
7804339,205695340091,R02C01,Plate_03,B05,Male
7804362,205695340091,R03C01,Plate_03,C05,Male
7804396,205695340091,R04C01,Plate_03,D05,Male
7806821,205695340091,R05C01,Plate_03,E05,Female
7806854,205695340091,R06C01,Plate_03,F05,Male
7806912,205695340091,R07C01,Plate_03,G05,Male
7806995,205695340091,R08C01,Plate_03,H05,Female
7807027,205695340095,R01C01,Plate_03,A06,Female
7807050,205695340095,R02C01,Plate_03,B06,Male
7807084,205695340095,R03C01,Plate_03,C06,Male
7807118,205695340095,R04C01,Plate_03,D06,Female
7807142,205695340095,R05C01,Plate_03,E06,Male
7807175,205695340095,R06C01,Plate_03,F06,Male
7720865,205695340095,R07C01,Plate_03,G06,Male
7720899,205695340095,R08C01,Plate_03,H06,Male
7720923,205695340101,R01C01,Plate_03,A07,Male
7806946,205695340101,R02C01,Plate_03,B07,Female
7808918,205695340101,R03C01,Plate_03,C07,Male
7808942,205695340101,R04C01,Plate_03,D07,Male
7808975,205695340101,R05C01,Plate_03,E07,Male
7809015,205695340101,R06C01,Plate_03,F07,Male
7809049,205695340101,R07C01,Plate_03,G07,Male
7809072,205695340101,R08C01,Plate_03,H07,Female
7809106,205695340111,R01C01,Plate_03,A08,Male
7809130,205695340111,R02C01,Plate_03,B08,Male
7809155,205695340111,R03C01,Plate_03,C08,Male
7809189,205695340111,R04C01,Plate_03,D08,Female
7809213,205695340111,R05C01,Plate_03,E08,Male
7809247,205695340111,R06C01,Plate_03,F08,Male
7809403,205695340111,R07C01,Plate_03,G08,Male
7809437,205695340111,R08C01,Plate_03,H08,Male
7809460,205695340119,R01C01,Plate_03,A09,Male
7809494,205695340119,R02C01,Plate_03,B09,Male
7809551,205695340119,R03C01,Plate_03,C09,Female
7809585,205695340119,R04C01,Plate_03,D09,Male
7811078,205695340119,R05C01,Plate_03,E09,Male
7811102,205695340119,R06C01,Plate_03,F09,Male
7811136,205695340119,R07C01,Plate_03,G09,Male
7811169,205695340119,R08C01,Plate_03,H09,Male
7811193,205695340130,R01C01,Plate_03,A10,Male
7811227,205695340130,R02C01,Plate_03,B10,Female
7811250,205695340130,R03C01,Plate_03,C10,Female
7811284,205695340130,R04C01,Plate_03,D10,Male
7811318,205695340130,R05C01,Plate_03,E10,Male
7814676,205695340130,R06C01,Plate_03,F10,Male
7814700,205695340130,R07C01,Plate_03,G10,Female
7814734,205695340130,R08C01,Plate_03,H10,Female
7814767,205695340132,R01C01,Plate_03,A11,Male
7814791,205695340132,R02C01,Plate_03,B11,Male
7814825,205695340132,R03C01,Plate_03,C11,Male
7814858,205695340132,R04C01,Plate_03,D11,Male
7824758,205695340132,R05C01,Plate_03,E11,Female
7824816,205695340132,R06C01,Plate_03,F11,Female
7824840,205695340132,R07C01,Plate_03,G11,Male
7824873,205695340132,R08C01,Plate_03,H11,Male
7824907,205695340184,R01C01,Plate_03,A12,Female
7824931,205695340184,R02C01,Plate_03,B12,Female
7824964,205695340184,R03C01,Plate_03,C12,Female
7824998,205695340184,R04C01,Plate_03,D12,Male
7825029,205695340184,R05C01,Plate_03,E12,Female
7811383,205695340184,R06C01,Plate_03,F12,Male
7811417,205695340184,R07C01,Plate_03,G12,Female
7811441,205695340184,R08C01,Plate_03,H12,Male
162847,206966370016,R01C01,Plate_30,A01,Female
162850,206966370016,R02C01,Plate_30,B01,Male
162853,206966370016,R03C01,Plate_30,C01,Male
162856,206966370016,R04C01,Plate_30,D01,Female
162859,206966370016,R05C01,Plate_30,E01,Female
162862,206966370016,R06C01,Plate_30,F01,Female
162865,206966370016,R07C01,Plate_30,G01,Male
162868,206966370016,R08C01,Plate_30,H01,Female
162874,206966370025,R01C01,Plate_30,A02,Male
162877,206966370025,R02C01,Plate_30,B02,Male
162880,206966370025,R03C01,Plate_30,C02,Female
162883,206966370025,R04C01,Plate_30,D02,Female
162886,206966370025,R05C01,Plate_30,E02,Male
162889,206966370025,R06C01,Plate_30,F02,Male
162892,206966370025,R07C01,Plate_30,G02,Female
162895,206966370025,R08C01,Plate_30,H02,Male
162906,206966370034,R01C01,Plate_30,A03,Female
162909,206966370034,R02C01,Plate_30,B03,Female
162912,206966370034,R03C01,Plate_30,C03,Male
162915,206966370034,R04C01,Plate_30,D03,Female
162918,206966370034,R05C01,Plate_30,E03,Female
162921,206966370034,R06C01,Plate_30,F03,Male
162927,206966370034,R07C01,Plate_30,G03,Female
162930,206966370034,R08C01,Plate_30,H03,Female
162933,206966370036,R01C01,Plate_30,A04,Male
162936,206966370036,R02C01,Plate_30,B04,Female
162939,206966370036,R03C01,Plate_30,C04,Female
162942,206966370036,R04C01,Plate_30,D04,Male
162945,206966370036,R05C01,Plate_30,E04,Female
162948,206966370036,R06C01,Plate_30,F04,Female
162951,206966370036,R07C01,Plate_30,G04,Female
162954,206966370036,R08C01,Plate_30,H04,Male
162977,206966370089,R01C01,Plate_30,A05,Female
162980,206966370089,R02C01,Plate_30,B05,Female
162983,206966370089,R03C01,Plate_30,C05,Female
162986,206966370089,R04C01,Plate_30,D05,Female
162989,206966370089,R05C01,Plate_30,E05,Female
162992,206966370089,R06C01,Plate_30,F05,Male
162995,206966370089,R07C01,Plate_30,G05,Female
162998,206966370089,R08C01,Plate_30,H05,Female
163001,206966370090,R01C01,Plate_30,A06,Male
163004,206966370090,R02C01,Plate_30,B06,Female
163011,206966370090,R03C01,Plate_30,C06,Male
163014,206966370090,R04C01,Plate_30,D06,Male
163017,206966370090,R05C01,Plate_30,E06,Female
163020,206966370090,R06C01,Plate_30,F06,Female
163023,206966370090,R07C01,Plate_30,G06,Male
163026,206966370090,R08C01,Plate_30,H06,Male
163029,206966370091,R01C01,Plate_30,A07,Female
163032,206966370091,R02C01,Plate_30,B07,Male
163035,206966370091,R03C01,Plate_30,C07,Female
163038,206966370091,R04C01,Plate_30,D07,Female
163041,206966370091,R05C01,Plate_30,E07,Male
163044,206966370091,R06C01,Plate_30,F07,Male
163047,206966370091,R07C01,Plate_30,G07,Male
163050,206966370091,R08C01,Plate_30,H07,Female
163053,206966370092,R01C01,Plate_30,A08,Female
163056,206966370092,R02C01,Plate_30,B08,Male
163059,206966370092,R03C01,Plate_30,C08,Male
163062,206966370092,R04C01,Plate_30,D08,Male
163065,206966370092,R05C01,Plate_30,E08,Female
163068,206966370092,R06C01,Plate_30,F08,Female
163071,206966370092,R07C01,Plate_30,G08,Female
163084,206966370092,R08C01,Plate_30,H08,Male
165547,206967090009,R01C01,Plate_30,A09,Male
163090,206967090009,R02C01,Plate_30,B09,Male
163093,206967090009,R03C01,Plate_30,C09,Female
163096,206967090009,R04C01,Plate_30,D09,Male
163099,206967090009,R05C01,Plate_30,E09,Male
163102,206967090009,R06C01,Plate_30,F09,Male
163105,206967090009,R07C01,Plate_30,G09,Female
163108,206967090009,R08C01,Plate_30,H09,Female
163111,206967090011,R01C01,Plate_30,A10,Male
163114,206967090011,R02C01,Plate_30,B10,Male
163117,206967090011,R03C01,Plate_30,C10,Female
163120,206967090011,R04C01,Plate_30,D10,Male
163123,206967090011,R05C01,Plate_30,E10,Male
163126,206967090011,R06C01,Plate_30,F10,Male
163129,206967090011,R07C01,Plate_30,G10,Male
163132,206967090011,R08C01,Plate_30,H10,Female
163135,206967090013,R01C01,Plate_30,A11,Male
163138,206967090013,R02C01,Plate_30,B11,Male
163141,206967090013,R03C01,Plate_30,C11,Female
163144,206967090013,R04C01,Plate_30,D11,Male
163147,206967090013,R05C01,Plate_30,E11,Female
163150,206967090013,R06C01,Plate_30,F11,Male
163153,206967090013,R07C01,Plate_30,G11,Female
163156,206967090013,R08C01,Plate_30,H11,Female
163168,206967090015,R01C01,Plate_30,A12,Male
163171,206967090015,R02C01,Plate_30,B12,Female
163174,206967090015,R03C01,Plate_30,C12,Female
163177,206967090015,R04C01,Plate_30,D12,Male
163180,206967090015,R05C01,Plate_30,E12,Male
163183,206967090015,R06C01,Plate_30,F12,Female
163186,206967090015,R07C01,Plate_30,G12,Female
163189,206967090015,R08C01,Plate_30,H12,Female
163192,206967090023,R01C01,Plate_31,A01,Male
163195,206967090023,R02C01,Plate_31,B01,Male
163198,206967090023,R03C01,Plate_31,C01,Male
163201,206967090023,R04C01,Plate_31,D01,Female
163204,206967090023,R05C01,Plate_31,E01,Male
163207,206967090023,R06C01,Plate_31,F01,Female
163210,206967090023,R07C01,Plate_31,G01,Male
163213,206967090023,R08C01,Plate_31,H01,Female
163216,206967090040,R01C01,Plate_31,A02,Male
163219,206967090040,R02C01,Plate_31,B02,Male
163222,206967090040,R03C01,Plate_31,C02,Male
163225,206967090040,R04C01,Plate_31,D02,Male
163228,206967090040,R05C01,Plate_31,E02,Male
163231,206967090040,R06C01,Plate_31,F02,Male
163234,206967090040,R07C01,Plate_31,G02,Female
163237,206967090040,R08C01,Plate_31,H02,Male
163244,206967090047,R01C01,Plate_31,A03,Male
163247,206967090047,R02C01,Plate_31,B03,Male
163250,206967090047,R03C01,Plate_31,C03,Female
163253,206967090047,R04C01,Plate_31,D03,Male
163256,206967090047,R05C01,Plate_31,E03,Male
163259,206967090047,R06C01,Plate_31,F03,Male
163262,206967090047,R07C01,Plate_31,G03,Male
163265,206967090047,R08C01,Plate_31,H03,Male
163268,206967090079,R01C01,Plate_31,A04,Female
163271,206967090079,R02C01,Plate_31,B04,Male
163274,206967090079,R03C01,Plate_31,C04,Male
163277,206967090079,R04C01,Plate_31,D04,Female
163280,206967090079,R05C01,Plate_31,E04,Male
163283,206967090079,R06C01,Plate_31,F04,Male
163286,206967090079,R07C01,Plate_31,G04,Male
163289,206967090079,R08C01,Plate_31,H04,Female
163292,206966370008,R01C01,Plate_31,A05,Female
163316,206966370008,R02C01,Plate_31,B05,Female
163319,206966370008,R03C01,Plate_31,C05,Female
163322,206966370008,R04C01,Plate_31,D05,Male
163325,206966370008,R05C01,Plate_31,E05,Female
163328,206966370008,R06C01,Plate_31,F05,Female
163331,206966370008,R07C01,Plate_31,G05,Male
163334,206966370008,R08C01,Plate_31,H05,Female
163337,206967090023,R01C01,Plate_31,A06,Male
163340,206967090023,R02C01,Plate_31,B06,Male
163343,206967090023,R03C01,Plate_31,C06,Female
163346,206967090023,R04C01,Plate_31,D06,Male
163349,206967090023,R05C01,Plate_31,E06,Male
163352,206967090023,R06C01,Plate_31,F06,Male
163355,206967090023,R07C01,Plate_31,G06,Male
163358,206967090023,R08C01,Plate_31,H06,Male
163361,206972320037,R01C01,Plate_31,A07,Male
163364,206972320037,R02C01,Plate_31,B07,Male
163367,206972320037,R03C01,Plate_31,C07,Female
163370,206972320037,R04C01,Plate_31,D07,Male
163373,206972320037,R05C01,Plate_31,E07,Male
163376,206972320037,R06C01,Plate_31,F07,Male
163379,206972320037,R07C01,Plate_31,G07,Female
163400,206972320037,R08C01,Plate_31,H07,Male
163403,206972320039,R01C01,Plate_31,A08,Male
163406,206972320039,R02C01,Plate_31,B08,Male
163409,206972320039,R03C01,Plate_31,C08,Male
163412,206972320039,R04C01,Plate_31,D08,Female
163415,206972320039,R05C01,Plate_31,E08,Male
163418,206972320039,R06C01,Plate_31,F08,Female
163421,206972320039,R07C01,Plate_31,G08,Male
163424,206972320039,R08C01,Plate_31,H08,Male
163427,206966370055,R01C01,Plate_31,A09,Female
163430,206966370055,R02C01,Plate_31,B09,Female
163433,206966370055,R03C01,Plate_31,C09,Male
163436,206966370055,R04C01,Plate_31,D09,Male
163439,206966370055,R05C01,Plate_31,E09,Male
163442,206966370055,R06C01,Plate_31,F09,Male
163445,206966370055,R07C01,Plate_31,G09,Male
163448,206966370055,R08C01,Plate_31,H09,Male
163467,206966370082,R01C01,Plate_31,A10,Male
163470,206966370082,R02C01,Plate_31,B10,Male
163473,206966370082,R03C01,Plate_31,C10,Male
163476,206966370082,R04C01,Plate_31,D10,Male
163479,206966370082,R05C01,Plate_31,E10,Female
163482,206966370082,R06C01,Plate_31,F10,Female
163485,206966370082,R07C01,Plate_31,G10,Female
163488,206966370082,R08C01,Plate_31,H10,Male
163491,206972320099,R01C01,Plate_31,A11,Male
169924,206972320099,R02C01,Plate_31,B11,Female
163497,206972320099,R03C01,Plate_31,C11,Male
163500,206972320099,R04C01,Plate_31,D11,Female
163503,206972320099,R05C01,Plate_31,E11,Female
163506,206972320099,R06C01,Plate_31,F11,Male
163509,206972320099,R07C01,Plate_31,G11,Female
163512,206972320099,R08C01,Plate_31,H11,Female
163515,206972320110,R01C01,Plate_31,A12,Female
163518,206972320110,R02C01,Plate_31,B12,Female
163521,206972320110,R03C01,Plate_31,C12,Male
163524,206972320110,R04C01,Plate_31,D12,Female
163527,206972320110,R05C01,Plate_31,E12,Female
163530,206972320110,R06C01,Plate_31,F12,Female
163533,206972320110,R07C01,Plate_31,G12,Female
163539,206972320110,R08C01,Plate_31,H12,Male
163542,206966370005,R01C01,Plate_32,A01,Male
163545,206966370005,R02C01,Plate_32,B01,Female
163548,206966370005,R03C01,Plate_32,C01,Female
163551,206966370005,R04C01,Plate_32,D01,Male
163554,206966370005,R05C01,Plate_32,E01,Female
163557,206966370005,R06C01,Plate_32,F01,Female
163560,206966370005,R07C01,Plate_32,G01,Male
163563,206966370005,R08C01,Plate_32,H01,Female
163566,206966370010,R01C01,Plate_32,A02,Male
163569,206966370010,R02C01,Plate_32,B02,Female
163572,206966370010,R03C01,Plate_32,C02,Female
163575,206966370010,R04C01,Plate_32,D02,Male
163578,206966370010,R05C01,Plate_32,E02,Male
163581,206966370010,R06C01,Plate_32,F02,Female
163584,206966370010,R07C01,Plate_32,G02,Male
163587,206966370010,R08C01,Plate_32,H02,Male
163590,206966370026,R01C01,Plate_32,A03,Male
163593,206966370026,R02C01,Plate_32,B03,Male
163596,206966370026,R03C01,Plate_32,C03,Female
163599,206966370026,R04C01,Plate_32,D03,Female
163602,206966370026,R05C01,Plate_32,E03,Male
163610,206966370026,R06C01,Plate_32,F03,Male
163613,206966370026,R07C01,Plate_32,G03,Male
163616,206966370026,R08C01,Plate_32,H03,Male
163619,206966370027,R01C01,Plate_32,A04,Female
163622,206966370027,R02C01,Plate_32,B04,Female
163625,206966370027,R03C01,Plate_32,C04,Male
163628,206966370027,R04C01,Plate_32,D04,Female
163631,206966370027,R05C01,Plate_32,E04,Male
163634,206966370027,R06C01,Plate_32,F04,Female
163637,206966370027,R07C01,Plate_32,G04,Female
163640,206966370027,R08C01,Plate_32,H04,Female
163643,206966370029,R01C01,Plate_32,A05,Female
163646,206966370029,R02C01,Plate_32,B05,Male
163649,206966370029,R03C01,Plate_32,C05,Male
163652,206966370029,R04C01,Plate_32,D05,Male
163664,206966370029,R05C01,Plate_32,E05,Male
163667,206966370029,R06C01,Plate_32,F05,Female
163670,206966370029,R07C01,Plate_32,G05,Male
163673,206966370029,R08C01,Plate_32,H05,Male
163676,206966370035,R01C01,Plate_32,A06,Female
163679,206966370035,R02C01,Plate_32,B06,Male
163682,206966370035,R03C01,Plate_32,C06,Female
163685,206966370035,R04C01,Plate_32,D06,Female
163688,206966370035,R05C01,Plate_32,E06,Female
163691,206966370035,R06C01,Plate_32,F06,Male
163694,206966370035,R07C01,Plate_32,G06,Female
163697,206966370035,R08C01,Plate_32,H06,Male
163700,206966370047,R01C01,Plate_32,A07,Female
163703,206966370047,R02C01,Plate_32,B07,Female
163706,206966370047,R03C01,Plate_32,C07,Male
163709,206966370047,R04C01,Plate_32,D07,Male
163712,206966370047,R05C01,Plate_32,E07,Male
163715,206966370047,R06C01,Plate_32,F07,Male
163718,206966370047,R07C01,Plate_32,G07,Male
163721,206966370047,R08C01,Plate_32,H07,Female
163724,206966370051,R01C01,Plate_32,A08,Female
163727,206966370051,R02C01,Plate_32,B08,Male
163740,206966370051,R03C01,Plate_32,C08,Male
163743,206966370051,R04C01,Plate_32,D08,Male
163746,206966370051,R05C01,Plate_32,E08,Female
163749,206966370051,R06C01,Plate_32,F08,Female
163752,206966370051,R07C01,Plate_32,G08,Female
163755,206966370051,R08C01,Plate_32,H08,Female
163758,206972320001,R01C01,Plate_32,A09,Female
163761,206972320001,R02C01,Plate_32,B09,Female
163764,206972320001,R03C01,Plate_32,C09,Male
163767,206972320001,R04C01,Plate_32,D09,Male
163770,206972320001,R05C01,Plate_32,E09,Female
163773,206972320001,R06C01,Plate_32,F09,Female
163776,206972320001,R07C01,Plate_32,G09,Female
163779,206972320001,R08C01,Plate_32,H09,Male
163782,206972320034,R01C01,Plate_32,A10,Male
163793,206972320034,R02C01,Plate_32,B10,Male
163796,206972320034,R03C01,Plate_32,C10,Female
163799,206972320034,R04C01,Plate_32,D10,Female
163802,206972320034,R05C01,Plate_32,E10,Male
163805,206972320034,R06C01,Plate_32,F10,Male
163808,206972320034,R07C01,Plate_32,G10,Male
163811,206972320034,R08C01,Plate_32,H10,Male
163814,206972320035,R01C01,Plate_32,A11,Male
163817,206972320035,R02C01,Plate_32,B11,Female
163820,206972320035,R03C01,Plate_32,C11,Male
163823,206972320035,R04C01,Plate_32,D11,Male
163826,206972320035,R05C01,Plate_32,E11,Male
163829,206972320035,R06C01,Plate_32,F11,Male
163832,206972320035,R07C01,Plate_32,G11,Female
163835,206972320035,R08C01,Plate_32,H11,Female
163838,206972320036,R01C01,Plate_32,A12,Female
163841,206972320036,R02C01,Plate_32,B12,Male
163844,206972320036,R03C01,Plate_32,C12,Male
163847,206972320036,R04C01,Plate_32,D12,Male
163850,206972320036,R05C01,Plate_32,E12,Female
163853,206972320036,R06C01,Plate_32,F12,Male
163861,206972320036,R07C01,Plate_32,G12,Male
163864,206972320036,R08C01,Plate_32,H12,Male
163867,206972320047,R01C01,Plate_33,A01,Female
163870,206972320047,R02C01,Plate_33,B01,Male
163873,206972320047,R03C01,Plate_33,C01,Male
163876,206972320047,R04C01,Plate_33,D01,Male
163879,206972320047,R05C01,Plate_33,E01,Male
163882,206972320047,R06C01,Plate_33,F01,Female
163885,206972320047,R07C01,Plate_33,G01,Female
163888,206972320047,R08C01,Plate_33,H01,Male
163891,206972320048,R01C01,Plate_33,A02,Male
163894,206972320048,R02C01,Plate_33,B02,Male
163897,206972320048,R03C01,Plate_33,C02,Female
163900,206972320048,R04C01,Plate_33,D02,Female
163903,206972320048,R05C01,Plate_33,E02,Male
163906,206972320048,R06C01,Plate_33,F02,Female
163909,206972320048,R07C01,Plate_33,G02,Male
163912,206972320048,R08C01,Plate_33,H02,Male
163915,206972320053,R01C01,Plate_33,A03,Male
163918,206972320053,R02C01,Plate_33,B03,Male
163921,206972320053,R03C01,Plate_33,C03,Male
163924,206972320053,R04C01,Plate_33,D03,Female
163933,206972320053,R05C01,Plate_33,E03,Male
163936,206972320053,R06C01,Plate_33,F03,Male
163939,206972320053,R07C01,Plate_33,G03,Female
163942,206972320053,R08C01,Plate_33,H03,Male
163945,206972320062,R01C01,Plate_33,A04,Female
163948,206972320062,R02C01,Plate_33,B04,Female
163951,206972320062,R03C01,Plate_33,C04,Male
163954,206972320062,R04C01,Plate_33,D04,Female
163957,206972320062,R05C01,Plate_33,E04,Male
163960,206972320062,R06C01,Plate_33,F04,Female
163963,206972320062,R07C01,Plate_33,G04,Male
163966,206972320062,R08C01,Plate_33,H04,Male
163969,206967090008,R01C01,Plate_33,A05,Female
163972,206967090008,R02C01,Plate_33,B05,Male
163975,206967090008,R03C01,Plate_33,C05,Male
163978,206967090008,R04C01,Plate_33,D05,Male
163981,206967090008,R05C01,Plate_33,E05,Male
163984,206967090008,R06C01,Plate_33,F05,Female
163987,206967090008,R07C01,Plate_33,G05,Female
164011,206967090008,R08C01,Plate_33,H05,Female
164014,206967090014,R01C01,Plate_33,A06,Female
164017,206967090014,R02C01,Plate_33,B06,Male
164020,206967090014,R03C01,Plate_33,C06,Male
164023,206967090014,R04C01,Plate_33,D06,Male
164026,206967090014,R05C01,Plate_33,E06,Female
164029,206967090014,R06C01,Plate_33,F06,Male
164032,206967090014,R07C01,Plate_33,G06,Male
164035,206967090014,R08C01,Plate_33,H06,Male
164038,206967090016,R01C01,Plate_33,A07,Male
164041,206967090016,R02C01,Plate_33,B07,Male
164044,206967090016,R03C01,Plate_33,C07,Male
164047,206967090016,R04C01,Plate_33,D07,Female
164050,206967090016,R05C01,Plate_33,E07,Male
164053,206967090016,R06C01,Plate_33,F07,Male
164074,206967090016,R07C01,Plate_33,G07,Male
164077,206967090016,R08C01,Plate_33,H07,Male
164080,206967090028,R01C01,Plate_33,A08,Male
164086,206967090028,R02C01,Plate_33,B08,Male
164089,206967090028,R03C01,Plate_33,C08,Male
164092,206967090028,R04C01,Plate_33,D08,Female
164095,206967090028,R05C01,Plate_33,E08,Male
164098,206967090028,R06C01,Plate_33,F08,Male
164101,206967090028,R07C01,Plate_33,G08,Male
164104,206967090028,R08C01,Plate_33,H08,Male
164107,206967090038,R01C01,Plate_33,A09,Male
164126,206967090038,R02C01,Plate_33,B09,Female
164129,206967090038,R03C01,Plate_33,C09,Male
164132,206967090038,R04C01,Plate_33,D09,Female
164135,206967090038,R05C01,Plate_33,E09,Male
164138,206967090038,R06C01,Plate_33,F09,Female
164141,206967090038,R07C01,Plate_33,G09,Male
164144,206967090038,R08C01,Plate_33,H09,Female
164147,206967090041,R01C01,Plate_33,A10,Male
164150,206967090041,R02C01,Plate_33,B10,Female
164175,206967090041,R03C01,Plate_33,C10,Female
164178,206967090041,R04C01,Plate_33,D10,Male
164181,206967090041,R05C01,Plate_33,E10,Male
164184,206967090041,R06C01,Plate_33,F10,Male
164187,206967090041,R07C01,Plate_33,G10,Male
164190,206967090041,R08C01,Plate_33,H10,Male
164193,206967090042,R01C01,Plate_33,A11,Male
164196,206967090042,R02C01,Plate_33,B11,Male
164199,206967090042,R03C01,Plate_33,C11,Female
164202,206967090042,R04C01,Plate_33,D11,Male
164219,206967090042,R05C01,Plate_33,E11,Female
164222,206967090042,R06C01,Plate_33,F11,Male
164225,206967090042,R07C01,Plate_33,G11,Male
164228,206967090042,R08C01,Plate_33,H11,Male
164231,206967090081,R01C01,Plate_33,A12,Male
164260,206967090081,R02C01,Plate_33,B12,Female
164263,206967090081,R03C01,Plate_33,C12,Male
164266,206967090081,R04C01,Plate_33,D12,Male
164269,206967090081,R05C01,Plate_33,E12,Female
164272,206967090081,R06C01,Plate_33,F12,Female
164275,206967090081,R07C01,Plate_33,G12,Male
164278,206967090081,R08C01,Plate_33,H12,Male
164281,206966360046,R01C01,Plate_34,A01,Male
164284,206966360046,R02C01,Plate_34,B01,Male
164287,206966360046,R03C01,Plate_34,C01,Female
164290,206966360046,R04C01,Plate_34,D01,Male
164293,206966360046,R05C01,Plate_34,E01,Male
164296,206966360046,R06C01,Plate_34,F01,Male
164299,206966360046,R07C01,Plate_34,G01,Male
164305,206966360046,R08C01,Plate_34,H01,Male
164308,206966360050,R01C01,Plate_34,A02,Male
164311,206966360050,R02C01,Plate_34,B02,Male
164314,206966360050,R03C01,Plate_34,C02,Male
164317,206966360050,R04C01,Plate_34,D02,Male
164320,206966360050,R05C01,Plate_34,E02,Male
164323,206966360050,R06C01,Plate_34,F02,Male
164326,206966360050,R07C01,Plate_34,G02,Male
164329,206966360050,R08C01,Plate_34,H02,Male
164332,206966360059,R01C01,Plate_34,A03,Male
164335,206966360059,R02C01,Plate_34,B03,Male
164338,206966360059,R03C01,Plate_34,C03,Female
164341,206966360059,R04C01,Plate_34,D03,Female
164356,206966360059,R05C01,Plate_34,E03,Female
164359,206966360059,R06C01,Plate_34,F03,Female
164362,206966360059,R07C01,Plate_34,G03,Female
164365,206966360059,R08C01,Plate_34,H03,Male
164368,206966360076,R01C01,Plate_34,A04,Male
164371,206966360076,R02C01,Plate_34,B04,Male
164374,206966360076,R03C01,Plate_34,C04,Female
164377,206966360076,R04C01,Plate_34,D04,Male
164380,206966360076,R05C01,Plate_34,E04,Female
164383,206966360076,R06C01,Plate_34,F04,Female
164386,206966360076,R07C01,Plate_34,G04,Male
164389,206966360076,R08C01,Plate_34,H04,Female
164392,206966360077,R01C01,Plate_34,A05,Male
164395,206966360077,R02C01,Plate_34,B05,Male
164398,206966360077,R03C01,Plate_34,C05,Female
164409,206966360077,R04C01,Plate_34,D05,Male
164412,206966360077,R05C01,Plate_34,E05,Female
164415,206966360077,R06C01,Plate_34,F05,Male
164418,206966360077,R07C01,Plate_34,G05,Female
164421,206966360077,R08C01,Plate_34,H05,Male
164424,206966360078,R01C01,Plate_34,A06,Male
164427,206966360078,R02C01,Plate_34,B06,Male
164430,206966360078,R03C01,Plate_34,C06,Male
164433,206966360078,R04C01,Plate_34,D06,Male
164436,206966360078,R05C01,Plate_34,E06,Female
164439,206966360078,R06C01,Plate_34,F06,Female
164442,206966360078,R07C01,Plate_34,G06,Male
164445,206966360078,R08C01,Plate_34,H06,Female
164448,206966360079,R01C01,Plate_34,A07,Female
164451,206966360079,R02C01,Plate_34,B07,Female
164454,206966360079,R03C01,Plate_34,C07,Female
164457,206966360079,R04C01,Plate_34,D07,Male
164463,206966360079,R05C01,Plate_34,E07,Male
164466,206966360079,R06C01,Plate_34,F07,Male
164480,206966360079,R07C01,Plate_34,G07,Female
164483,206966360079,R08C01,Plate_34,H07,Female
164486,206966360081,R01C01,Plate_34,A08,Female
164489,206966360081,R02C01,Plate_34,B08,Female
164492,206966360081,R03C01,Plate_34,C08,Female
164495,206966360081,R04C01,Plate_34,D08,Female
164498,206966360081,R05C01,Plate_34,E08,Female
164501,206966360081,R06C01,Plate_34,F08,Male
164504,206966360081,R07C01,Plate_34,G08,Female
164507,206966360081,R08C01,Plate_34,H08,Female
164510,206929150020,R01C01,Plate_34,A09,Female
164513,206929150020,R02C01,Plate_34,B09,Male
164516,206929150020,R03C01,Plate_34,C09,Male
164519,206929150020,R04C01,Plate_34,D09,Female
164522,206929150020,R05C01,Plate_34,E09,Female
164525,206929150020,R06C01,Plate_34,F09,Male
164528,206929150020,R07C01,Plate_34,G09,Female
164531,206929150020,R08C01,Plate_34,H09,Male
164534,206929150027,R01C01,Plate_34,A10,Male
164537,206929150027,R02C01,Plate_34,B10,Male
164540,206929150027,R03C01,Plate_34,C10,Male
164543,206929150027,R04C01,Plate_34,D10,Female
164546,206929150027,R05C01,Plate_34,E10,Female
164549,206929150027,R06C01,Plate_34,F10,Female
164552,206929150027,R07C01,Plate_34,G10,Male
164555,206929150027,R08C01,Plate_34,H10,Female
164580,206929150032,R01C01,Plate_34,A11,Female
164583,206929150032,R02C01,Plate_34,B11,Female
164586,206929150032,R03C01,Plate_34,C11,Male
164589,206929150032,R04C01,Plate_34,D11,Male
164592,206929150032,R05C01,Plate_34,E11,Female
164595,206929150032,R06C01,Plate_34,F11,Male
164598,206929150032,R07C01,Plate_34,G11,Male
164601,206929150032,R08C01,Plate_34,H11,Female
164604,206929150033,R01C01,Plate_34,A12,Male
164607,206929150033,R02C01,Plate_34,B12,Male
164610,206929150033,R03C01,Plate_34,C12,Male
164620,206929150033,R04C01,Plate_34,D12,Male
164623,206929150033,R05C01,Plate_34,E12,Male
164626,206929150033,R06C01,Plate_34,F12,Female
164629,206929150033,R07C01,Plate_34,G12,Female
164632,206929150033,R08C01,Plate_34,H12,Male
164635,206967080088,R01C01,Plate_35,A01,Female
164638,206967080088,R02C01,Plate_35,B01,Male
164641,206967080088,R03C01,Plate_35,C01,Male
164644,206967080088,R04C01,Plate_35,D01,Female
164647,206967080088,R05C01,Plate_35,E01,Male
164650,206967080088,R06C01,Plate_35,F01,Male
164653,206967080088,R07C01,Plate_35,G01,Female
164656,206967080088,R08C01,Plate_35,H01,Female
164659,206967080097,R01C01,Plate_35,A02,Male
164662,206967080097,R02C01,Plate_35,B02,Female
164665,206967080097,R03C01,Plate_35,C02,Female
164678,206967080097,R04C01,Plate_35,D02,Female
164681,206967080097,R05C01,Plate_35,E02,Female
164684,206967080097,R06C01,Plate_35,F02,Male
164687,206967080097,R07C01,Plate_35,G02,Female
164690,206967080097,R08C01,Plate_35,H02,Female
164693,206967080098,R01C01,Plate_35,A03,Male
164696,206967080098,R02C01,Plate_35,B03,Male
164699,206967080098,R03C01,Plate_35,C03,Male
164702,206967080098,R04C01,Plate_35,D03,Female
164705,206967080098,R05C01,Plate_35,E03,Male
164708,206967080098,R06C01,Plate_35,F03,Male
164711,206967080098,R07C01,Plate_35,G03,Male
164714,206967080098,R08C01,Plate_35,H03,Female
164741,206967080099,R01C01,Plate_35,A04,Female
164744,206967080099,R02C01,Plate_35,B04,Female
164747,206967080099,R03C01,Plate_35,C04,Female
164750,206967080099,R04C01,Plate_35,D04,Male
164753,206967080099,R05C01,Plate_35,E04,Female
164756,206967080099,R06C01,Plate_35,F04,Female
164759,206967080099,R07C01,Plate_35,G04,Female
164762,206967080099,R08C01,Plate_35,H04,Female
164765,206966360016,R01C01,Plate_35,A05,Female
164768,206966360016,R02C01,Plate_35,B05,Female
164771,206966360016,R03C01,Plate_35,C05,Male
164774,206966360016,R04C01,Plate_35,D05,Male
164777,206966360016,R05C01,Plate_35,E05,Female
164780,206966360016,R06C01,Plate_35,F05,Male
164783,206966360016,R07C01,Plate_35,G05,Male
164786,206966360016,R08C01,Plate_35,H05,Male
164805,206966360030,R01C01,Plate_35,A06,Female
164808,206966360030,R02C01,Plate_35,B06,Male
164811,206966360030,R03C01,Plate_35,C06,Male
164814,206966360030,R04C01,Plate_35,D06,Male
164817,206966360030,R05C01,Plate_35,E06,Male
164820,206966360030,R06C01,Plate_35,F06,Female
164823,206966360030,R07C01,Plate_35,G06,Female
164826,206966360030,R08C01,Plate_35,H06,Female
164829,206966360044,R01C01,Plate_35,A07,Female
164832,206966360044,R02C01,Plate_35,B07,Female
164835,206966360044,R03C01,Plate_35,C07,Female
165605,206966360044,R04C01,Plate_35,D07,Male
165615,206966360044,R05C01,Plate_35,E07,Male
165618,206966360044,R06C01,Plate_35,F07,Male
165621,206966360044,R07C01,Plate_35,G07,Female
165624,206966360044,R08C01,Plate_35,H07,Male
165658,206966360052,R01C01,Plate_35,A08,Female
165661,206966360052,R02C01,Plate_35,B08,Female
165664,206966360052,R03C01,Plate_35,C08,Male
165667,206966360052,R04C01,Plate_35,D08,Male
165670,206966360052,R05C01,Plate_35,E08,Female
165673,206966360052,R06C01,Plate_35,F08,Male
165707,206966360052,R07C01,Plate_35,G08,Male
165713,206966360052,R08C01,Plate_35,H08,Male
165716,206966360056,R01C01,Plate_35,A09,Female
165719,206966360056,R02C01,Plate_35,B09,Male
165722,206966360056,R03C01,Plate_35,C09,Male
165725,206966360056,R04C01,Plate_35,D09,Male
165728,206966360056,R05C01,Plate_35,E09,Male
165731,206966360056,R06C01,Plate_35,F09,Female
165734,206966360056,R07C01,Plate_35,G09,Male
165737,206966360056,R08C01,Plate_35,H09,Female
165741,206966360067,R01C01,Plate_35,A10,Female
165744,206966360067,R02C01,Plate_35,B10,Male
165747,206966360067,R03C01,Plate_35,C10,Female
165750,206966360067,R04C01,Plate_35,D10,Male
165753,206966360067,R05C01,Plate_35,E10,Female
165756,206966360067,R06C01,Plate_35,F10,Female
165759,206966360067,R07C01,Plate_35,G10,Male
165762,206966360067,R08C01,Plate_35,H10,Female
165775,206966360068,R01C01,Plate_35,A11,Female
165778,206966360068,R02C01,Plate_35,B11,Male
165781,206966360068,R03C01,Plate_35,C11,Male
165784,206966360068,R04C01,Plate_35,D11,Male
165787,206966360068,R05C01,Plate_35,E11,Female
165790,206966360068,R06C01,Plate_35,F11,Male
165793,206966360068,R07C01,Plate_35,G11,Female
165796,206966360068,R08C01,Plate_35,H11,Male
165827,206966360085,R01C01,Plate_35,A12,Female
165830,206966360085,R02C01,Plate_35,B12,Female
165833,206966360085,R03C01,Plate_35,C12,Male
165836,206966360085,R04C01,Plate_35,D12,Female
165839,206966360085,R05C01,Plate_35,E12,Male
165842,206966360085,R06C01,Plate_35,F12,Male
165845,206966360085,R07C01,Plate_35,G12,Female
165848,206966360085,R08C01,Plate_35,H12,Male
165867,206972330065,R01C01,Plate_36,A01,Female
165870,206972330065,R02C01,Plate_36,B01,Male
165873,206972330065,R03C01,Plate_36,C01,Female
165876,206972330065,R04C01,Plate_36,D01,Male
165879,206972330065,R05C01,Plate_36,E01,Female
165882,206972330065,R06C01,Plate_36,F01,Male
165885,206972330065,R07C01,Plate_36,G01,Female
165888,206972330065,R08C01,Plate_36,H01,Female
165897,206972330067,R01C01,Plate_36,A02,Female
165900,206972330067,R02C01,Plate_36,B02,Female
165903,206972330067,R03C01,Plate_36,C02,Male
165906,206972330067,R04C01,Plate_36,D02,Female
165914,206972330067,R05C01,Plate_36,E02,Male
165917,206972330067,R06C01,Plate_36,F02,Male
165920,206972330067,R07C01,Plate_36,G02,Female
165934,206972330067,R08C01,Plate_36,H02,Male
165936,206972330069,R01C01,Plate_36,A03,Female
165942,206972330069,R02C01,Plate_36,B03,Male
165946,206972330069,R03C01,Plate_36,C03,Male
165950,206972330069,R04C01,Plate_36,D03,Male
165961,206972330069,R05C01,Plate_36,E03,Male
165965,206972330069,R06C01,Plate_36,F03,Female
165969,206972330069,R07C01,Plate_36,G03,Female
165972,206972330069,R08C01,Plate_36,H03,Male
165975,206972330087,R01C01,Plate_36,A04,Female
165980,206972330087,R02C01,Plate_36,B04,Male
165981,206972330087,R03C01,Plate_36,C04,Female
165989,206972330087,R04C01,Plate_36,D04,Male
165990,206972330087,R05C01,Plate_36,E04,Male
165991,206972330087,R06C01,Plate_36,F04,Female
165992,206972330087,R07C01,Plate_36,G04,Female
166015,206972330087,R08C01,Plate_36,H04,Female
166018,206972330091,R01C01,Plate_36,A05,Male
166022,206972330091,R02C01,Plate_36,B05,Female
166026,206972330091,R03C01,Plate_36,C05,Female
166047,206972330091,R04C01,Plate_36,D05,Female
166057,206972330091,R05C01,Plate_36,E05,Male
166060,206972330091,R06C01,Plate_36,F05,Female
166068,206972330091,R07C01,Plate_36,G05,Female
166072,206972330091,R08C01,Plate_36,H05,Male
166076,206972330093,R01C01,Plate_36,A06,Male
166085,206972330093,R02C01,Plate_36,B06,Male
166086,206972330093,R03C01,Plate_36,C06,Male
166087,206972330093,R04C01,Plate_36,D06,Male
166088,206972330093,R05C01,Plate_36,E06,Male
166089,206972330093,R06C01,Plate_36,F06,Male
166090,206972330093,R07C01,Plate_36,G06,Female
166091,206972330093,R08C01,Plate_36,H06,Female
166108,206972330103,R01C01,Plate_36,A07,Male
166111,206972330103,R02C01,Plate_36,B07,Female
166115,206972330103,R03C01,Plate_36,C07,Male
166119,206972330103,R04C01,Plate_36,D07,Female
166123,206972330103,R05C01,Plate_36,E07,Female
166126,206972330103,R06C01,Plate_36,F07,Male
166129,206972330103,R07C01,Plate_36,G07,Male
166154,206972330103,R08C01,Plate_36,H07,Male
166158,206972330104,R01C01,Plate_36,A08,Female
166162,206972330104,R02C01,Plate_36,B08,Male
166168,206972330104,R03C01,Plate_36,C08,Female
166171,206972330104,R04C01,Plate_36,D08,Male
166173,206972330104,R05C01,Plate_36,E08,Female
166175,206972330104,R06C01,Plate_36,F08,Female
166179,206972330104,R07C01,Plate_36,G08,Male
166183,206972330104,R08C01,Plate_36,H08,Female
166187,206972320011,R01C01,Plate_36,A09,Female
166190,206972320011,R02C01,Plate_36,B09,Female
166193,206972320011,R03C01,Plate_36,C09,Male
166196,206972320011,R04C01,Plate_36,D09,Male
166199,206972320011,R05C01,Plate_36,E09,Male
166219,206972320011,R06C01,Plate_36,F09,Female
166223,206972320011,R07C01,Plate_36,G09,Male
166227,206972320011,R08C01,Plate_36,H09,Male
166231,206966370019,R01C01,Plate_36,A10,Male
166235,206966370019,R02C01,Plate_36,B10,Male
166239,206966370019,R03C01,Plate_36,C10,Female
166243,206966370019,R04C01,Plate_36,D10,Female
166251,206966370019,R05C01,Plate_36,E10,Male
166256,206966370019,R06C01,Plate_36,F10,Male
166260,206966370019,R07C01,Plate_36,G10,Male
166263,206966370019,R08C01,Plate_36,H10,Male
166267,206972320021,R01C01,Plate_36,A11,Male
166270,206972320021,R02C01,Plate_36,B11,Female
166274,206972320021,R03C01,Plate_36,C11,Female
166277,206972320021,R04C01,Plate_36,D11,Male
166281,206972320021,R05C01,Plate_36,E11,Male
166293,206972320021,R06C01,Plate_36,F11,Female
166294,206972320021,R07C01,Plate_36,G11,Male
166297,206972320021,R08C01,Plate_36,H11,Male
166311,206966370022,R01C01,Plate_36,A12,Male
166314,206966370022,R02C01,Plate_36,B12,Male
166317,206966370022,R03C01,Plate_36,C12,Male
166342,206966370022,R04C01,Plate_36,D12,Male
166345,206966370022,R05C01,Plate_36,E12,Male
166349,206966370022,R06C01,Plate_36,F12,Female
168756,206966370022,R07C01,Plate_36,G12,Female
166376,206966370022,R08C01,Plate_36,H12,Male
166381,206972320038,R01C01,Plate_37,A01,Male
166386,206972320038,R02C01,Plate_37,B01,Female
166390,206972320038,R03C01,Plate_37,C01,Female
166401,206972320038,R04C01,Plate_37,D01,Male
166402,206972320038,R05C01,Plate_37,E01,Female
166404,206972320038,R06C01,Plate_37,F01,Male
166420,206972320038,R07C01,Plate_37,G01,Male
166424,206972320038,R08C01,Plate_37,H01,Male
166428,206966370042,R01C01,Plate_37,A02,Female
166432,206966370042,R02C01,Plate_37,B02,Male
166436,206966370042,R03C01,Plate_37,C02,Female
166440,206966370042,R04C01,Plate_37,D02,Male
166469,206966370042,R05C01,Plate_37,E02,Female
166473,206966370042,R06C01,Plate_37,F02,Male
166476,206966370042,R07C01,Plate_37,G02,Female
166492,206966370042,R08C01,Plate_37,H02,Male
166493,206966370073,R01C01,Plate_37,A03,Male
166495,206966370073,R02C01,Plate_37,B03,Female
166499,206966370073,R03C01,Plate_37,C03,Male
166503,206966370073,R04C01,Plate_37,D03,Male
166510,206966370073,R05C01,Plate_37,E03,Male
166516,206966370073,R06C01,Plate_37,F03,Male
166525,206966370073,R07C01,Plate_37,G03,Female
166527,206966370073,R08C01,Plate_37,H03,Male
166530,206966370080,R01C01,Plate_37,A04,Male
166533,206966370080,R02C01,Plate_37,B04,Male
166536,206966370080,R03C01,Plate_37,C04,Male
166539,206966370080,R04C01,Plate_37,D04,Male
166542,206966370080,R05C01,Plate_37,E04,Female
166546,206966370080,R06C01,Plate_37,F04,Female
166557,206966370080,R07C01,Plate_37,G04,Female
166560,206966370080,R08C01,Plate_37,H04,Female
168746,206972330063,R01C01,Plate_37,A05,Female
166564,206972330063,R02C01,Plate_37,B05,Male
166563,206972330063,R03C01,Plate_37,C05,Male
166576,206972330063,R04C01,Plate_37,D05,Female
166577,206972330063,R05C01,Plate_37,E05,Female
166598,206972330063,R06C01,Plate_37,F05,Female
166602,206972330063,R07C01,Plate_37,G05,Female
168747,206972330063,R08C01,Plate_37,H05,Male
166609,206972330064,R01C01,Plate_37,A06,Male
166612,206972330064,R02C01,Plate_37,B06,Male
166620,206972330064,R03C01,Plate_37,C06,Male
166624,206972330064,R04C01,Plate_37,D06,Female
166644,206972330064,R05C01,Plate_37,E06,Male
166648,206972330064,R06C01,Plate_37,F06,Female
168750,206972330064,R07C01,Plate_37,G06,Male
166655,206972330064,R08C01,Plate_37,H06,Male
168751,206972330068,R01C01,Plate_37,A07,Male
166672,206972330068,R02C01,Plate_37,B07,Male
166676,206972330068,R03C01,Plate_37,C07,Female
166680,206972330068,R04C01,Plate_37,D07,Male
166701,206972330068,R05C01,Plate_37,E07,Male
166704,206972330068,R06C01,Plate_37,F07,Female
166707,206972330068,R07C01,Plate_37,G07,Male
166710,206972330068,R08C01,Plate_37,H07,Female
166713,206972330079,R01C01,Plate_37,A08,Female
166716,206972330079,R02C01,Plate_37,B08,Female
166731,206972330079,R03C01,Plate_37,C08,Female
166734,206972330079,R04C01,Plate_37,D08,Male
166738,206972330079,R05C01,Plate_37,E08,Male
166754,206972330079,R06C01,Plate_37,F08,Female
166757,206972330079,R07C01,Plate_37,G08,Male
166760,206972330079,R08C01,Plate_37,H08,Male
166763,206972330102,R01C01,Plate_37,A09,Male
166766,206972330102,R02C01,Plate_37,B09,Male
166769,206972330102,R03C01,Plate_37,C09,Female
166772,206972330102,R04C01,Plate_37,D09,Male
166775,206972330102,R05C01,Plate_37,E09,Male
166786,206972330102,R06C01,Plate_37,F09,Male
166789,206972330102,R07C01,Plate_37,G09,Female
166792,206972330102,R08C01,Plate_37,H09,Male
166795,206972330106,R01C01,Plate_37,A10,Male
166798,206972330106,R02C01,Plate_37,B10,Male
166801,206972330106,R03C01,Plate_37,C10,Male
166846,206972330106,R04C01,Plate_37,D10,Male
166849,206972330106,R05C01,Plate_37,E10,Male
166852,206972330106,R06C01,Plate_37,F10,Female
166867,206972330106,R07C01,Plate_37,G10,Female
166870,206972330106,R08C01,Plate_37,H10,Male
166873,206972330107,R01C01,Plate_37,A11,Male
166876,206972330107,R02C01,Plate_37,B11,Male
166879,206972330107,R03C01,Plate_37,C11,Male
166882,206972330107,R04C01,Plate_37,D11,Female
166885,206972330107,R05C01,Plate_37,E11,Male
166974,206972330107,R06C01,Plate_37,F11,Male
166978,206972330107,R07C01,Plate_37,G11,Female
166982,206972330107,R08C01,Plate_37,H11,Male
166986,206972330108,R01C01,Plate_37,A12,Male
166990,206972330108,R02C01,Plate_37,B12,Female
166994,206972330108,R03C01,Plate_37,C12,Female
166998,206972330108,R04C01,Plate_37,D12,Male
167001,206972330108,R05C01,Plate_37,E12,Female
167005,206972330108,R06C01,Plate_37,F12,Male
167011,206972330108,R07C01,Plate_37,G12,Male
167044,206972330108,R08C01,Plate_37,H12,Female
167048,206972320043,R01C01,Plate_38,A01,Female
167056,206972320043,R02C01,Plate_38,B01,Male
167060,206972320043,R03C01,Plate_38,C01,Female
167064,206972320043,R04C01,Plate_38,D01,Female
167067,206972320043,R05C01,Plate_38,E01,Male
167070,206972320043,R06C01,Plate_38,F01,Female
167073,206972320043,R07C01,Plate_38,G01,Male
167076,206972320043,R08C01,Plate_38,H01,Female
167079,206972320044,R01C01,Plate_38,A02,Male
167082,206972320044,R02C01,Plate_38,B02,Male
167110,206972320044,R03C01,Plate_38,C02,Male
167114,206972320044,R04C01,Plate_38,D02,Female
167118,206972320044,R05C01,Plate_38,E02,Male
167122,206972320044,R06C01,Plate_38,F02,Female
167125,206972320044,R07C01,Plate_38,G02,Male
167128,206972320044,R08C01,Plate_38,H02,Female
167131,206972320071,R01C01,Plate_38,A03,Male
167141,206972320071,R02C01,Plate_38,B03,Female
167145,206972320071,R03C01,Plate_38,C03,Male
167149,206972320071,R04C01,Plate_38,D03,Female
167153,206972320071,R05C01,Plate_38,E03,Male
167157,206972320071,R06C01,Plate_38,F03,Male
167161,206972320071,R07C01,Plate_38,G03,Female
167165,206972320071,R08C01,Plate_38,H03,Male
167168,206972320079,R01C01,Plate_38,A04,Female
167171,206972320079,R02C01,Plate_38,B04,Male
167174,206972320079,R03C01,Plate_38,C04,Female
167177,206972320079,R04C01,Plate_38,D04,Female
167186,206972320079,R05C01,Plate_38,E04,Female
167190,206972320079,R06C01,Plate_38,F04,Female
167194,206972320079,R07C01,Plate_38,G04,Female
167197,206972320079,R08C01,Plate_38,H04,Female
167200,206972320080,R01C01,Plate_38,A05,Male
167203,206972320080,R02C01,Plate_38,B05,Male
167215,206972320080,R03C01,Plate_38,C05,Female
167219,206972320080,R04C01,Plate_38,D05,Female
167223,206972320080,R05C01,Plate_38,E05,Male
167227,206972320080,R06C01,Plate_38,F05,Male
167231,206972320080,R07C01,Plate_38,G05,Female
167235,206972320080,R08C01,Plate_38,H05,Female
167239,206972320082,R01C01,Plate_38,A06,Male
167243,206972320082,R02C01,Plate_38,B06,Female
167247,206972320082,R03C01,Plate_38,C06,Male
167260,206972320082,R04C01,Plate_38,D06,Female
167264,206972320082,R05C01,Plate_38,E06,Male
167268,206972320082,R06C01,Plate_38,F06,Male
167273,206972320082,R07C01,Plate_38,G06,Male
167279,206972320082,R08C01,Plate_38,H06,Female
167283,206972320095,R01C01,Plate_38,A07,Female
167287,206972320095,R02C01,Plate_38,B07,Female
167291,206972320095,R03C01,Plate_38,C07,Male
167295,206972320095,R04C01,Plate_38,D07,Male
167298,206972320095,R05C01,Plate_38,E07,Female
167301,206972320095,R06C01,Plate_38,F07,Male
167305,206972320095,R07C01,Plate_38,G07,Male
167308,206972320095,R08C01,Plate_38,H07,Male
167311,206972320096,R01C01,Plate_38,A08,Male
167315,206972320096,R02C01,Plate_38,B08,Male
167319,206972320096,R03C01,Plate_38,C08,Female
167341,206972320096,R04C01,Plate_38,D08,Male
167345,206972320096,R05C01,Plate_38,E08,Female
167349,206972320096,R06C01,Plate_38,F08,Female
167353,206972320096,R07C01,Plate_38,G08,Female
167356,206972320096,R08C01,Plate_38,H08,Female
167359,206959430031,R01C01,Plate_38,A09,Male
167362,206959430031,R02C01,Plate_38,B09,Male
167365,206959430031,R03C01,Plate_38,C09,Female
167368,206959430031,R04C01,Plate_38,D09,Male
167372,206959430031,R05C01,Plate_38,E09,Male
167375,206959430031,R06C01,Plate_38,F09,Female
167379,206959430031,R07C01,Plate_38,G09,Male
167383,206959430031,R08C01,Plate_38,H09,Male
167397,206959430032,R01C01,Plate_38,A10,Female
167401,206959430032,R02C01,Plate_38,B10,Male
167404,206959430032,R03C01,Plate_38,C10,Female
167408,206959430032,R04C01,Plate_38,D10,Male
167411,206959430032,R05C01,Plate_38,E10,Male
167414,206959430032,R06C01,Plate_38,F10,Female
167418,206959430032,R07C01,Plate_38,G10,Male
167428,206959430032,R08C01,Plate_38,H10,Male
167430,206959430038,R01C01,Plate_38,A11,Male
167434,206959430038,R02C01,Plate_38,B11,Female
167437,206959430038,R03C01,Plate_38,C11,Female
167443,206959430038,R04C01,Plate_38,D11,Male
167447,206959430038,R05C01,Plate_38,E11,Female
167450,206959430038,R06C01,Plate_38,F11,Female
167454,206959430038,R07C01,Plate_38,G11,Female
167458,206959430038,R08C01,Plate_38,H11,Female
167470,206959430039,R01C01,Plate_38,A12,Male
167474,206959430039,R02C01,Plate_38,B12,Male
167478,206959430039,R03C01,Plate_38,C12,Female
167482,206959430039,R04C01,Plate_38,D12,Female
167485,206959430039,R05C01,Plate_38,E12,Male
167489,206959430039,R06C01,Plate_38,F12,Female
167493,206959430039,R07C01,Plate_38,G12,Male
167497,206959430039,R08C01,Plate_38,H12,Female
167500,206967090044,R01C01,Plate_39,A01,Female
167503,206967090044,R02C01,Plate_39,B01,Male
167507,206967090044,R03C01,Plate_39,C01,Female
167510,206967090044,R04C01,Plate_39,D01,Male
167514,206967090044,R05C01,Plate_39,E01,Female
167532,206967090044,R06C01,Plate_39,F01,Male
167530,206967090044,R07C01,Plate_39,G01,Male
168610,206967090044,R08C01,Plate_39,H01,Male
167535,206967090076,R01C01,Plate_39,A02,Male
168744,206967090076,R02C01,Plate_39,B02,Female
167546,206967090076,R03C01,Plate_39,C02,Male
167550,206967090076,R04C01,Plate_39,D02,Male
167554,206967090076,R05C01,Plate_39,E02,Female
167558,206967090076,R06C01,Plate_39,F02,Male
167562,206967090076,R07C01,Plate_39,G02,Male
167566,206967090076,R08C01,Plate_39,H02,Female
167570,206967090077,R01C01,Plate_39,A03,Female
167574,206967090077,R02C01,Plate_39,B03,Female
167577,206967090077,R03C01,Plate_39,C03,Female
167591,206967090077,R04C01,Plate_39,D03,Female
167594,206967090077,R05C01,Plate_39,E03,Male
167597,206967090077,R06C01,Plate_39,F03,Male
167601,206967090077,R07C01,Plate_39,G03,Male
167605,206967090077,R08C01,Plate_39,H03,Female
167608,206967090086,R01C01,Plate_39,A04,Male
167615,206967090086,R02C01,Plate_39,B04,Female
167619,206967090086,R03C01,Plate_39,C04,Male
167622,206967090086,R04C01,Plate_39,D04,Male
167625,206967090086,R05C01,Plate_39,E04,Female
167629,206967090086,R06C01,Plate_39,F04,Male
167633,206967090086,R07C01,Plate_39,G04,Female
167636,206967090086,R08C01,Plate_39,H04,Male
167640,206967090094,R01C01,Plate_39,A05,Male
167643,206967090094,R02C01,Plate_39,B05,Male
167647,206967090094,R03C01,Plate_39,C05,Male
167665,206967090094,R04C01,Plate_39,D05,Male
167669,206967090094,R05C01,Plate_39,E05,Female
167672,206967090094,R06C01,Plate_39,F05,Female
167676,206967090094,R07C01,Plate_39,G05,Female
167680,206967090094,R08C01,Plate_39,H05,Male
167684,206967090096,R01C01,Plate_39,A06,Male
167688,206967090096,R02C01,Plate_39,B06,Male
167692,206967090096,R03C01,Plate_39,C06,Male
167695,206967090096,R04C01,Plate_39,D06,Female
167699,206967090096,R05C01,Plate_39,E06,Female
167703,206967090096,R06C01,Plate_39,F06,Male
167706,206967090096,R07C01,Plate_39,G06,Female
167721,206967090096,R08C01,Plate_39,H06,Female
167725,206967090098,R01C01,Plate_39,A07,Female
167728,206967090098,R02C01,Plate_39,B07,Female
167731,206967090098,R03C01,Plate_39,C07,Female
167735,206967090098,R04C01,Plate_39,D07,Female
167739,206967090098,R05C01,Plate_39,E07,Female
167743,206967090098,R06C01,Plate_39,F07,Male
167759,206967090098,R07C01,Plate_39,G07,Male
167762,206967090098,R08C01,Plate_39,H07,Female
167765,206967090109,R01C01,Plate_39,A08,Male
167768,206967090109,R02C01,Plate_39,B08,Male
167771,206967090109,R03C01,Plate_39,C08,Female
167775,206967090109,R04C01,Plate_39,D08,Male
167778,206967090109,R05C01,Plate_39,E08,Male
167782,206967090109,R06C01,Plate_39,F08,Male
167786,206967090109,R07C01,Plate_39,G08,Female
167790,206967090109,R08C01,Plate_39,H08,Male
167793,206959430005,R01C01,Plate_39,A09,Male
167796,206959430005,R02C01,Plate_39,B09,Female
167800,206959430005,R03C01,Plate_39,C09,Male
167804,206959430005,R04C01,Plate_39,D09,Female
167807,206959430005,R05C01,Plate_39,E09,Male
167811,206959430005,R06C01,Plate_39,F09,Female
167814,206959430005,R07C01,Plate_39,G09,Male
167817,206959430005,R08C01,Plate_39,H09,Male
167821,206959430036,R01C01,Plate_39,A10,Male
167824,206959430036,R02C01,Plate_39,B10,Female
167828,206959430036,R03C01,Plate_39,C10,Male
167851,206959430036,R04C01,Plate_39,D10,Male
167855,206959430036,R05C01,Plate_39,E10,Male
167858,206959430036,R06C01,Plate_39,F10,Male
167861,206959430036,R07C01,Plate_39,G10,Male
167865,206959430036,R08C01,Plate_39,H10,Female
167868,206959430059,R01C01,Plate_39,A11,Male
167872,206959430059,R02C01,Plate_39,B11,Female
167875,206959430059,R03C01,Plate_39,C11,Female
167878,206959430059,R04C01,Plate_39,D11,Male
167882,206959430059,R05C01,Plate_39,E11,Male
167886,206959430059,R06C01,Plate_39,F11,Male
167890,206959430059,R07C01,Plate_39,G11,Female
167894,206959430059,R08C01,Plate_39,H11,Female
167897,206959430060,R01C01,Plate_39,A12,Female
167900,206959430060,R02C01,Plate_39,B12,Female
167904,206959430060,R03C01,Plate_39,C12,Male
167908,206959430060,R04C01,Plate_39,D12,Female
167912,206959430060,R05C01,Plate_39,E12,Male
167916,206959430060,R06C01,Plate_39,F12,Female
167920,206959430060,R07C01,Plate_39,G12,Male
167923,206959430060,R08C01,Plate_39,H12,Male
7811474,205695340120,R01C01,Plate_04,A01,Male
7811508,205695340120,R02C01,Plate_04,B01,Male
7811797,205695340120,R03C01,Plate_04,C01,Female
7811821,205695340120,R04C01,Plate_04,D01,Male
7811854,205695340120,R05C01,Plate_04,E01,Female
7814882,205695340120,R06C01,Plate_04,F01,Female
7824030,205695340120,R07C01,Plate_04,G01,Male
7824063,205695340120,R08C01,Plate_04,H01,Female
7824097,205695340125,R01C01,Plate_04,A02,Male
7824121,205695340125,R02C01,Plate_04,B02,Male
7824154,205695340125,R03C01,Plate_04,C02,Male
7824188,205695340125,R04C01,Plate_04,D02,Female
7825052,205695340125,R05C01,Plate_04,E02,Male
7825086,205695340125,R06C01,Plate_04,F02,Female
7825128,205695340125,R07C01,Plate_04,G02,Male
7825185,205695340125,R08C01,Plate_04,H02,Male
7825235,205695340126,R01C01,Plate_04,A03,Male
7825268,205695340126,R02C01,Plate_04,B03,Female
7825292,205695340126,R03C01,Plate_04,C03,Male
7825326,205695340126,R04C01,Plate_04,D03,Male
7825359,205695340126,R05C01,Plate_04,E03,Male
7825383,205695340126,R06C01,Plate_04,F03,Male
7825417,205695340126,R07C01,Plate_04,G03,Male
7825441,205695340126,R08C01,Plate_04,H03,Female
7811359,205695340140,R01C01,Plate_04,A04,Male
7811888,205695340140,R02C01,Plate_04,B04,Male
7811912,205695340140,R03C01,Plate_04,C04,Male
7817554,205695340140,R04C01,Plate_04,D04,Female
7817588,205695340140,R05C01,Plate_04,E04,Male
7817612,205695340140,R06C01,Plate_04,F04,Male
7824519,205695340140,R07C01,Plate_04,G04,Male
7824543,205695340140,R08C01,Plate_04,H04,Female
7824576,205695340169,R01C01,Plate_04,A05,Male
7812035,205695340169,R02C01,Plate_04,B05,Female
7812068,205695340169,R03C01,Plate_04,C05,Male
7812092,205695340169,R04C01,Plate_04,D05,Male
7812126,205695340169,R05C01,Plate_04,E05,Male
7812159,205695340169,R06C01,Plate_04,F05,Female
7812183,205695340169,R07C01,Plate_04,G05,Male
7812217,205695340169,R08C01,Plate_04,H05,Female
7812241,205695340182,R01C01,Plate_04,A06,Male
7812274,205695340182,R02C01,Plate_04,B06,Male
7812308,205695340182,R03C01,Plate_04,C06,Female
7812332,205695340182,R04C01,Plate_04,D06,Female
7812365,205695340182,R05C01,Plate_04,E06,Male
7820434,205695340182,R06C01,Plate_04,F06,Male
7820467,205695340182,R07C01,Plate_04,G06,Male
7820491,205695340182,R08C01,Plate_04,H06,Male
7820525,205695340069,R01C01,Plate_04,A07,Male
7820558,205695340069,R02C01,Plate_04,B07,Male
7820582,205695340069,R03C01,Plate_04,C07,Male
7820616,205695340069,R04C01,Plate_04,D07,Male
7821390,205695340069,R05C01,Plate_04,E07,Female
7821424,205695340069,R06C01,Plate_04,F07,Male
7821457,205695340069,R07C01,Plate_04,G07,Male
7821630,205695340069,R08C01,Plate_04,H07,Female
7821663,205695340115,R01C01,Plate_04,A08,Male
7821697,205695340115,R02C01,Plate_04,B08,Female
7821721,205695340115,R03C01,Plate_04,C08,Male
7821754,205695340115,R04C01,Plate_04,D08,Male
7821788,205695340115,R05C01,Plate_04,E08,Male
7824600,205695340115,R06C01,Plate_04,F08,Male
7824634,205695340115,R07C01,Plate_04,G08,Female
7824667,205695340115,R08C01,Plate_04,H08,Female
7824691,205695340116,R01C01,Plate_04,A09,Female
7824725,205695340116,R02C01,Plate_04,B09,Female
7807209,205695340116,R03C01,Plate_04,C09,Female
7811946,205695340116,R04C01,Plate_04,D09,Female
7811979,205695340116,R05C01,Plate_04,E09,Male
7812001,205695340116,R06C01,Plate_04,F09,Male
7812399,205695340116,R07C01,Plate_04,G09,Female
7812456,205695340116,R08C01,Plate_04,H09,Male
7812480,205695340117,R01C01,Plate_04,A10,Female
7812514,205695340117,R02C01,Plate_04,B10,Male
7812548,205695340117,R03C01,Plate_04,C10,Male
7812571,205695340117,R04C01,Plate_04,D10,Female
7820673,205695340117,R05C01,Plate_04,E10,Female
7820707,205695340117,R06C01,Plate_04,F10,Female
7820731,205695340117,R07C01,Plate_04,G10,Female
7820764,205695340117,R08C01,Plate_04,H10,Male
7820798,205695340142,R01C01,Plate_04,A11,Female
7820822,205695340142,R02C01,Plate_04,B11,Male
7820889,205695340142,R03C01,Plate_04,C11,Male
7820913,205695340142,R04C01,Plate_04,D11,Male
7820947,205695340142,R05C01,Plate_04,E11,Female
7820970,205695340142,R06C01,Plate_04,F11,Male
7821002,205695340142,R07C01,Plate_04,G11,Male
7821036,205695340142,R08C01,Plate_04,H11,Male
7821069,205695340143,R01C01,Plate_04,A12,Female
7821481,205695340143,R02C01,Plate_04,B12,Female
7821515,205695340143,R03C01,Plate_04,C12,Male
7821549,205695340143,R04C01,Plate_04,D12,Male
7821572,205695340143,R05C01,Plate_04,E12,Male
7821606,205695340143,R06C01,Plate_04,F12,Male
7821812,205695340143,R07C01,Plate_04,G12,Female
7821846,205695340143,R08C01,Plate_04,H12,Male
167926,206959430049,R01C01,Plate_40,A01,Female
167929,206959430049,R02C01,Plate_40,B01,Male
167933,206959430049,R03C01,Plate_40,C01,Female
167937,206959430049,R04C01,Plate_40,D01,Female
167940,206959430049,R05C01,Plate_40,E01,Male
167944,206959430049,R06C01,Plate_40,F01,Male
167948,206959430049,R07C01,Plate_40,G01,Female
167973,206959430049,R08C01,Plate_40,H01,Male
167976,206959430050,R01C01,Plate_40,A02,Female
167982,206959430050,R02C01,Plate_40,B02,Male
167985,206959430050,R03C01,Plate_40,C02,Male
167988,206959430050,R04C01,Plate_40,D02,Female
167991,206959430050,R05C01,Plate_40,E02,Male
167994,206959430050,R06C01,Plate_40,F02,Male
167998,206959430050,R07C01,Plate_40,G02,Male
168001,206959430050,R08C01,Plate_40,H02,Male
168004,206959430051,R01C01,Plate_40,A03,Female
168007,206959430051,R02C01,Plate_40,B03,Male
168010,206959430051,R03C01,Plate_40,C03,Male
168013,206959430051,R04C01,Plate_40,D03,Male
168016,206959430051,R05C01,Plate_40,E03,Male
168020,206959430051,R06C01,Plate_40,F03,Male
168024,206959430051,R07C01,Plate_40,G03,Male
168028,206959430051,R08C01,Plate_40,H03,Male
168032,206959430065,R01C01,Plate_40,A04,Female
168036,206959430065,R02C01,Plate_40,B04,Male
168040,206959430065,R03C01,Plate_40,C04,Female
168043,206959430065,R04C01,Plate_40,D04,Male
168046,206959430065,R05C01,Plate_40,E04,Male
168049,206959430065,R06C01,Plate_40,F04,Male
168053,206959430065,R07C01,Plate_40,G04,Male
168057,206959430065,R08C01,Plate_40,H04,Male
168061,206967090010,R01C01,Plate_40,A05,Male
168064,206967090010,R02C01,Plate_40,B05,Male
168085,206967090010,R03C01,Plate_40,C05,Female
168089,206967090010,R04C01,Plate_40,D05,Male
168093,206967090010,R05C01,Plate_40,E05,Male
168096,206967090010,R06C01,Plate_40,F05,Male
168099,206967090010,R07C01,Plate_40,G05,Female
168103,206967090010,R08C01,Plate_40,H05,Female
168107,206967090031,R01C01,Plate_40,A06,Male
168111,206967090031,R02C01,Plate_40,B06,Female
168114,206967090031,R03C01,Plate_40,C06,Female
168117,206967090031,R04C01,Plate_40,D06,Female
168120,206967090031,R05C01,Plate_40,E06,Female
168124,206967090031,R06C01,Plate_40,F06,Male
168127,206967090031,R07C01,Plate_40,G06,Male
168131,206967090031,R08C01,Plate_40,H06,Female
168135,206967090048,R01C01,Plate_40,A07,Female
168138,206967090048,R02C01,Plate_40,B07,Male
168142,206967090048,R03C01,Plate_40,C07,Female
168146,206967090048,R04C01,Plate_40,D07,Male
168163,206967090048,R05C01,Plate_40,E07,Female
168167,206967090048,R06C01,Plate_40,F07,Male
168171,206967090048,R07C01,Plate_40,G07,Female
168174,206967090048,R08C01,Plate_40,H07,Male
168178,206967090062,R01C01,Plate_40,A08,Female
168182,206967090062,R02C01,Plate_40,B08,Female
168186,206967090062,R03C01,Plate_40,C08,Male
168190,206967090062,R04C01,Plate_40,D08,Female
168193,206967090062,R05C01,Plate_40,E08,Female
168196,206967090062,R06C01,Plate_40,F08,Female
168199,206967090062,R07C01,Plate_40,G08,Male
168202,206967090062,R08C01,Plate_40,H08,Female
168205,206967090080,R01C01,Plate_40,A09,Female
168209,206967090080,R02C01,Plate_40,B09,Female
168213,206967090080,R03C01,Plate_40,C09,Female
168217,206967090080,R04C01,Plate_40,D09,Male
168221,206967090080,R05C01,Plate_40,E09,Female
168224,206967090080,R06C01,Plate_40,F09,Female
168227,206967090080,R07C01,Plate_40,G09,Male
168231,206967090080,R08C01,Plate_40,H09,Male
168235,206967090082,R01C01,Plate_40,A10,Male
168238,206967090082,R02C01,Plate_40,B10,Female
168242,206967090082,R03C01,Plate_40,C10,Male
168259,206967090082,R04C01,Plate_40,D10,Male
168262,206967090082,R05C01,Plate_40,E10,Female
168266,206967090082,R06C01,Plate_40,F10,Male
168270,206967090082,R07C01,Plate_40,G10,Female
168274,206967090082,R08C01,Plate_40,H10,Female
168277,206967090103,R01C01,Plate_40,A11,Female
168281,206967090103,R02C01,Plate_40,B11,Male
168285,206967090103,R03C01,Plate_40,C11,Female
168288,206967090103,R04C01,Plate_40,D11,Male
168291,206967090103,R05C01,Plate_40,E11,Male
168294,206967090103,R06C01,Plate_40,F11,Male
168297,206967090103,R07C01,Plate_40,G11,Female
168300,206967090103,R08C01,Plate_40,H11,Male
168304,206967090111,R01C01,Plate_40,A12,Female
168307,206967090111,R02C01,Plate_40,B12,Male
168310,206967090111,R03C01,Plate_40,C12,Female
168314,206967090111,R04C01,Plate_40,D12,Female
168318,206967090111,R05C01,Plate_40,E12,Male
168322,206967090111,R06C01,Plate_40,F12,Male
168325,206967090111,R07C01,Plate_40,G12,Male
168328,206967090111,R08C01,Plate_40,H12,Female
168331,206959430073,R01C01,Plate_41,A01,Female
168334,206959430073,R02C01,Plate_41,B01,Male
168350,206959430073,R03C01,Plate_41,C01,Male
168353,206959430073,R04C01,Plate_41,D01,Female
168356,206959430073,R05C01,Plate_41,E01,Female
168359,206959430073,R06C01,Plate_41,F01,Male
7970197,206959430073,R07C01,Plate_41,G01,Female
168365,206959430073,R08C01,Plate_41,H01,Male
168368,206959430074,R01C01,Plate_41,A02,Male
168371,206959430074,R02C01,Plate_41,B02,Female
168374,206959430074,R03C01,Plate_41,C02,Male
168377,206959430074,R04C01,Plate_41,D02,Male
168380,206959430074,R05C01,Plate_41,E02,Female
168383,206959430074,R06C01,Plate_41,F02,Male
168386,206959430074,R07C01,Plate_41,G02,Female
168389,206959430074,R08C01,Plate_41,H02,Female
168392,206959430075,R01C01,Plate_41,A03,Male
168395,206959430075,R02C01,Plate_41,B03,Male
168398,206959430075,R03C01,Plate_41,C03,Male
168401,206959430075,R04C01,Plate_41,D03,Female
168404,206959430075,R05C01,Plate_41,E03,Male
168407,206959430075,R06C01,Plate_41,F03,Male
168410,206959430075,R07C01,Plate_41,G03,Male
168413,206959430075,R08C01,Plate_41,H03,Male
168416,206959430076,R01C01,Plate_41,A04,Female
168419,206959430076,R02C01,Plate_41,B04,Female
168422,206959430076,R03C01,Plate_41,C04,Female
168425,206959430076,R04C01,Plate_41,D04,Male
168428,206959430076,R05C01,Plate_41,E04,Female
168431,206959430076,R06C01,Plate_41,F04,Female
168434,206959430076,R07C01,Plate_41,G04,Male
168437,206959430076,R08C01,Plate_41,H04,Male
168440,206929150014,R01C01,Plate_41,A05,Female
168443,206929150014,R02C01,Plate_41,B05,Female
168454,206929150014,R03C01,Plate_41,C05,Female
168457,206929150014,R04C01,Plate_41,D05,Male
168460,206929150014,R05C01,Plate_41,E05,Male
168463,206929150014,R06C01,Plate_41,F05,Male
168466,206929150014,R07C01,Plate_41,G05,Female
168469,206929150014,R08C01,Plate_41,H05,Male
168472,206929150015,R01C01,Plate_41,A06,Female
168475,206929150015,R02C01,Plate_41,B06,Female
168478,206929150015,R03C01,Plate_41,C06,Male
168481,206929150015,R04C01,Plate_41,D06,Male
168484,206929150015,R05C01,Plate_41,E06,Female
168487,206929150015,R06C01,Plate_41,F06,Male
168490,206929150015,R07C01,Plate_41,G06,Male
168493,206929150015,R08C01,Plate_41,H06,Female
168496,206929150021,R01C01,Plate_41,A07,Male
168499,206929150021,R02C01,Plate_41,B07,Male
168502,206929150021,R03C01,Plate_41,C07,Female
168505,206929150021,R04C01,Plate_41,D07,Female
168508,206929150021,R05C01,Plate_41,E07,Male
168515,206929150021,R06C01,Plate_41,F07,Male
168518,206929150021,R07C01,Plate_41,G07,Male
168521,206929150021,R08C01,Plate_41,H07,Female
168524,206929150022,R01C01,Plate_41,A08,Male
168527,206929150022,R02C01,Plate_41,B08,Male
168530,206929150022,R03C01,Plate_41,C08,Male
168533,206929150022,R04C01,Plate_41,D08,Male
168536,206929150022,R05C01,Plate_41,E08,Female
168539,206929150022,R06C01,Plate_41,F08,Female
168542,206929150022,R07C01,Plate_41,G08,Female
168545,206929150022,R08C01,Plate_41,H08,Male
168548,206929150023,R01C01,Plate_41,A09,Male
168551,206929150023,R02C01,Plate_41,B09,Male
168554,206929150023,R03C01,Plate_41,C09,Male
168557,206929150023,R04C01,Plate_41,D09,Male
168560,206929150023,R05C01,Plate_41,E09,Male
168563,206929150023,R06C01,Plate_41,F09,Male
168566,206929150023,R07C01,Plate_41,G09,Female
168569,206929150023,R08C01,Plate_41,H09,Female
168581,206929150024,R01C01,Plate_41,A10,Male
168584,206929150024,R02C01,Plate_41,B10,Female
168587,206929150024,R03C01,Plate_41,C10,Male
168590,206929150024,R04C01,Plate_41,D10,Female
168593,206929150024,R05C01,Plate_41,E10,Female
168596,206929150024,R06C01,Plate_41,F10,Male
168599,206929150024,R07C01,Plate_41,G10,Female
168602,206929150024,R08C01,Plate_41,H10,Female
168605,206929150025,R01C01,Plate_41,A11,Male
166780,206929150025,R02C01,Plate_41,B11,Female
168612,206929150025,R03C01,Plate_41,C11,Male
168615,206929150025,R04C01,Plate_41,D11,Male
168618,206929150025,R05C01,Plate_41,E11,Female
168621,206929150025,R06C01,Plate_41,F11,Male
168624,206929150025,R07C01,Plate_41,G11,Male
168627,206929150025,R08C01,Plate_41,H11,Male
168630,206929150031,R01C01,Plate_41,A12,Female
168633,206929150031,R02C01,Plate_41,B12,Male
168636,206929150031,R03C01,Plate_41,C12,Female
168639,206929150031,R04C01,Plate_41,D12,Male
168642,206929150031,R05C01,Plate_41,E12,Male
168645,206929150031,R06C01,Plate_41,F12,Female
168648,206929150031,R07C01,Plate_41,G12,Male
168651,206929150031,R08C01,Plate_41,H12,Female
168655,206967090001,R01C01,Plate_42,A01,Male
168658,206967090001,R02C01,Plate_42,B01,Male
168661,206967090001,R03C01,Plate_42,C01,Male
168664,206967090001,R04C01,Plate_42,D01,Female
168667,206967090001,R05C01,Plate_42,E01,Female
168681,206967090001,R06C01,Plate_42,F01,Female
168684,206967090001,R07C01,Plate_42,G01,Male
168687,206967090001,R08C01,Plate_42,H01,Male
168690,206967080021,R01C01,Plate_42,A02,Female
168696,206967080021,R02C01,Plate_42,B02,Female
168699,206967080021,R03C01,Plate_42,C02,Male
168702,206967080021,R04C01,Plate_42,D02,Male
168705,206967080021,R05C01,Plate_42,E02,Male
168708,206967080021,R06C01,Plate_42,F02,Male
168711,206967080021,R07C01,Plate_42,G02,Male
168714,206967080021,R08C01,Plate_42,H02,Male
168717,206967090051,R01C01,Plate_42,A03,Male
168720,206967090051,R02C01,Plate_42,B03,Male
168723,206967090051,R03C01,Plate_42,C03,Male
168726,206967090051,R04C01,Plate_42,D03,Female
168729,206967090051,R05C01,Plate_42,E03,Female
168732,206967090051,R06C01,Plate_42,F03,Female
168735,206967090051,R07C01,Plate_42,G03,Female
168738,206967090051,R08C01,Plate_42,H03,Male
168741,206967090070,R01C01,Plate_42,A04,Male
167538,206967090070,R02C01,Plate_42,B04,Female
166373,206967090070,R03C01,Plate_42,C04,Male
166605,206967090070,R04C01,Plate_42,D04,Female
166616,206967090070,R05C01,Plate_42,E04,Male
166651,206967090070,R06C01,Plate_42,F04,Female
166659,206967090070,R07C01,Plate_42,G04,Female
168759,206967090070,R08C01,Plate_42,H04,Female
168762,206967090084,R01C01,Plate_42,A05,Male
168765,206967090084,R02C01,Plate_42,B05,Male
168768,206967090084,R03C01,Plate_42,C05,Male
168771,206967090084,R04C01,Plate_42,D05,Female
168774,206967090084,R05C01,Plate_42,E05,Male
168777,206967090084,R06C01,Plate_42,F05,Female
168780,206967090084,R07C01,Plate_42,G05,Male
168783,206967090084,R08C01,Plate_42,H05,Male
168786,206967090091,R01C01,Plate_42,A06,Female
168789,206967090091,R02C01,Plate_42,B06,Male
168792,206967090091,R03C01,Plate_42,C06,Male
168795,206967090091,R04C01,Plate_42,D06,Female
168798,206967090091,R05C01,Plate_42,E06,Male
168801,206967090091,R06C01,Plate_42,F06,Female
168804,206967090091,R07C01,Plate_42,G06,Male
168807,206967090091,R08C01,Plate_42,H06,Male
168813,206967080092,R01C01,Plate_42,A07,Female
168816,206967080092,R02C01,Plate_42,B07,Female
168819,206967080092,R03C01,Plate_42,C07,Female
168822,206967080092,R04C01,Plate_42,D07,Female
168825,206967080092,R05C01,Plate_42,E07,Male
168828,206967080092,R06C01,Plate_42,F07,Male
168831,206967080092,R07C01,Plate_42,G07,Male
168834,206967080092,R08C01,Plate_42,H07,Female
168837,206967090093,R01C01,Plate_42,A08,Male
168840,206967090093,R02C01,Plate_42,B08,Female
168843,206967090093,R03C01,Plate_42,C08,Female
168846,206967090093,R04C01,Plate_42,D08,Male
168857,206967090093,R05C01,Plate_42,E08,Female
168860,206967090093,R06C01,Plate_42,F08,Female
168863,206967090093,R07C01,Plate_42,G08,Male
168866,206967090093,R08C01,Plate_42,H08,Male
168869,206972330020,R01C01,Plate_42,A09,Male
168872,206972330020,R02C01,Plate_42,B09,Male
168875,206972330020,R03C01,Plate_42,C09,Female
168878,206972330020,R04C01,Plate_42,D09,Male
168892,206972330020,R05C01,Plate_42,E09,Male
168895,206972330020,R06C01,Plate_42,F09,Male
168898,206972330020,R07C01,Plate_42,G09,Female
168901,206972330020,R08C01,Plate_42,H09,Male
168904,206972330021,R01C01,Plate_42,A10,Male
168907,206972330021,R02C01,Plate_42,B10,Male
168910,206972330021,R03C01,Plate_42,C10,Female
168913,206972330021,R04C01,Plate_42,D10,Female
168916,206972330021,R05C01,Plate_42,E10,Male
168923,206972330021,R06C01,Plate_42,F10,Male
168926,206972330021,R07C01,Plate_42,G10,Female
168929,206972330021,R08C01,Plate_42,H10,Male
168932,206966360051,R01C01,Plate_42,A11,Female
168935,206966360051,R02C01,Plate_42,B11,Female
168938,206966360051,R03C01,Plate_42,C11,Female
168941,206966360051,R04C01,Plate_42,D11,Female
168944,206966360051,R05C01,Plate_42,E11,Male
168947,206966360051,R06C01,Plate_42,F11,Male
168959,206966360051,R07C01,Plate_42,G11,Female
168962,206966360051,R08C01,Plate_42,H11,Female
168965,206966360060,R01C01,Plate_42,A12,Female
168968,206966360060,R02C01,Plate_42,B12,Male
168971,206966360060,R03C01,Plate_42,C12,Female
168974,206966360060,R04C01,Plate_42,D12,Male
168977,206966360060,R05C01,Plate_42,E12,Female
168980,206966360060,R06C01,Plate_42,F12,Male
168983,206966360060,R07C01,Plate_42,G12,Female
168986,206966360060,R08C01,Plate_42,H12,Female
168989,206972330073,R01C01,Plate_43,A01,Female
168992,206972330073,R02C01,Plate_43,B01,Female
168995,206972330073,R03C01,Plate_43,C01,Female
169001,206972330073,R04C01,Plate_43,D01,Female
169004,206972330073,R05C01,Plate_43,E01,Male
169007,206972330073,R06C01,Plate_43,F01,Male
169010,206972330073,R07C01,Plate_43,G01,Female
169013,206972330073,R08C01,Plate_43,H01,Male
169017,206972330075,R01C01,Plate_43,A02,Male
169020,206972330075,R02C01,Plate_43,B02,Female
169023,206972330075,R03C01,Plate_43,C02,Male
169026,206972330075,R04C01,Plate_43,D02,Female
169029,206972330075,R05C01,Plate_43,E02,Male
169032,206972330075,R06C01,Plate_43,F02,Male
169035,206972330075,R07C01,Plate_43,G02,Female
169038,206972330075,R08C01,Plate_43,H02,Male
169050,206972330076,R01C01,Plate_43,A03,Female
169053,206972330076,R02C01,Plate_43,B03,Female
169056,206972330076,R03C01,Plate_43,C03,Male
169059,206972330076,R04C01,Plate_43,D03,Male
169062,206972330076,R05C01,Plate_43,E03,Female
169065,206972330076,R06C01,Plate_43,F03,Male
169068,206972330076,R07C01,Plate_43,G03,Male
169071,206972330076,R08C01,Plate_43,H03,Female
169074,206966360080,R01C01,Plate_43,A04,Female
169077,206966360080,R02C01,Plate_43,B04,Male
169080,206966360080,R03C01,Plate_43,C04,Male
169083,206966360080,R04C01,Plate_43,D04,Male
169086,206966360080,R05C01,Plate_43,E04,Female
169089,206966360080,R06C01,Plate_43,F04,Male
169092,206966360080,R07C01,Plate_43,G04,Female
169095,206966360080,R08C01,Plate_43,H04,Male
169098,206972320005,R01C01,Plate_43,A05,Male
169101,206972320005,R02C01,Plate_43,B05,Male
169104,206972320005,R03C01,Plate_43,C05,Male
169107,206972320005,R04C01,Plate_43,D05,Female
169110,206972320005,R05C01,Plate_43,E05,Male
169113,206972320005,R06C01,Plate_43,F05,Male
169116,206972320005,R07C01,Plate_43,G05,Female
169122,206972320005,R08C01,Plate_43,H05,Male
169125,206972320013,R01C01,Plate_43,A06,Male
169128,206972320013,R02C01,Plate_43,B06,Female
169131,206972320013,R03C01,Plate_43,C06,Female
169134,206972320013,R04C01,Plate_43,D06,Male
169137,206972320013,R05C01,Plate_43,E06,Male
169140,206972320013,R06C01,Plate_43,F06,Female
169143,206972320013,R07C01,Plate_43,G06,Male
169146,206972320013,R08C01,Plate_43,H06,Female
169149,206972320015,R01C01,Plate_43,A07,Male
169152,206972320015,R02C01,Plate_43,B07,Female
169155,206972320015,R03C01,Plate_43,C07,Male
169158,206972320015,R04C01,Plate_43,D07,Male
169161,206972320015,R05C01,Plate_43,E07,Female
169164,206972320015,R06C01,Plate_43,F07,Male
169167,206972320015,R07C01,Plate_43,G07,Male
169170,206972320015,R08C01,Plate_43,H07,Female
169173,206972320058,R01C01,Plate_43,A08,Male
169176,206972320058,R02C01,Plate_43,B08,Female
169179,206972320058,R03C01,Plate_43,C08,Male
169192,206972320058,R04C01,Plate_43,D08,Female
169195,206972320058,R05C01,Plate_43,E08,Male
169198,206972320058,R06C01,Plate_43,F08,Male
169201,206972320058,R07C01,Plate_43,G08,Male
169204,206972320058,R08C01,Plate_43,H08,Female
169207,206972320060,R01C01,Plate_43,A09,Male
169210,206972320060,R02C01,Plate_43,B09,Male
169213,206972320060,R03C01,Plate_43,C09,Male
169216,206972320060,R04C01,Plate_43,D09,Female
169219,206972320060,R05C01,Plate_43,E09,Male
169222,206972320060,R06C01,Plate_43,F09,Female
169225,206972320060,R07C01,Plate_43,G09,Female
169228,206972320060,R08C01,Plate_43,H09,Male
169236,206972320066,R01C01,Plate_43,A10,Male
169239,206972320066,R02C01,Plate_43,B10,Male
169242,206972320066,R03C01,Plate_43,C10,Female
169245,206972320066,R04C01,Plate_43,D10,Male
169248,206972320066,R05C01,Plate_43,E10,Male
169251,206972320066,R06C01,Plate_43,F10,Male
169254,206972320066,R07C01,Plate_43,G10,Female
169259,206972320066,R08C01,Plate_43,H10,Female
169262,206972320073,R01C01,Plate_43,A11,Female
169265,206972320073,R02C01,Plate_43,B11,Male
169268,206972320073,R03C01,Plate_43,C11,Male
169275,206972320073,R04C01,Plate_43,D11,Female
169278,206972320073,R05C01,Plate_43,E11,Male
169281,206972320073,R06C01,Plate_43,F11,Female
169284,206972320073,R07C01,Plate_43,G11,Male
169287,206972320073,R08C01,Plate_43,H11,Female
169301,206972320086,R01C01,Plate_43,A12,Male
169304,206972320086,R02C01,Plate_43,B12,Male
169307,206972320086,R03C01,Plate_43,C12,Male
169310,206972320086,R04C01,Plate_43,D12,Male
169313,206972320086,R05C01,Plate_43,E12,Male
169316,206972320086,R06C01,Plate_43,F12,Male
169319,206972320086,R07C01,Plate_43,G12,Male
169322,206972320086,R08C01,Plate_43,H12,Male
169325,206972320003,R01C01,Plate_44,A01,Male
169328,206972320003,R02C01,Plate_44,B01,Female
169331,206972320003,R03C01,Plate_44,C01,Male
169334,206972320003,R04C01,Plate_44,D01,Male
169337,206972320003,R05C01,Plate_44,E01,Female
169345,206972320003,R06C01,Plate_44,F01,Female
169348,206972320003,R07C01,Plate_44,G01,Female
169351,206972320003,R08C01,Plate_44,H01,Male
169354,206972320020,R01C01,Plate_44,A02,Female
169357,206972320020,R02C01,Plate_44,B02,Male
169360,206972320020,R03C01,Plate_44,C02,Male
169363,206972320020,R04C01,Plate_44,D02,Female
169366,206972320020,R05C01,Plate_44,E02,Male
169369,206972320020,R06C01,Plate_44,F02,Female
169372,206972320020,R07C01,Plate_44,G02,Female
169375,206972320020,R08C01,Plate_44,H02,Male
169378,206972320029,R01C01,Plate_44,A03,Female
169388,206972320029,R02C01,Plate_44,B03,Female
169391,206972320029,R03C01,Plate_44,C03,Male
169394,206972320029,R04C01,Plate_44,D03,Male
169397,206972320029,R05C01,Plate_44,E03,Female
169400,206972320029,R06C01,Plate_44,F03,Female
169403,206972320029,R07C01,Plate_44,G03,Male
169406,206972320029,R08C01,Plate_44,H03,Female
169409,206972320031,R01C01,Plate_44,A04,Male
169412,206972320031,R02C01,Plate_44,B04,Female
169415,206972320031,R03C01,Plate_44,C04,Male
169418,206972320031,R04C01,Plate_44,D04,Female
169421,206972320031,R05C01,Plate_44,E04,Male
169424,206972320031,R06C01,Plate_44,F04,Male
169427,206972320031,R07C01,Plate_44,G04,Male
169434,206972320031,R08C01,Plate_44,H04,Male
169437,206972320032,R01C01,Plate_44,A05,Female
169440,206972320032,R02C01,Plate_44,B05,Male
169443,206972320032,R03C01,Plate_44,C05,Male
169446,206972320032,R04C01,Plate_44,D05,Male
169449,206972320032,R05C01,Plate_44,E05,Male
169452,206972320032,R06C01,Plate_44,F05,Male
169455,206972320032,R07C01,Plate_44,G05,Female
169458,206972320032,R08C01,Plate_44,H05,Male
169469,206972320033,R01C01,Plate_44,A06,Male
169472,206972320033,R02C01,Plate_44,B06,Female
169475,206972320033,R03C01,Plate_44,C06,Male
169478,206972320033,R04C01,Plate_44,D06,Male
169481,206972320033,R05C01,Plate_44,E06,Female
169484,206972320033,R06C01,Plate_44,F06,Male
169487,206972320033,R07C01,Plate_44,G06,Female
169490,206972320033,R08C01,Plate_44,H06,Male
169493,206972320046,R01C01,Plate_44,A07,Female
169496,206972320046,R02C01,Plate_44,B07,Male
169506,206972320046,R03C01,Plate_44,C07,Female
169509,206972320046,R04C01,Plate_44,D07,Male
169512,206972320046,R05C01,Plate_44,E07,Male
169515,206972320046,R06C01,Plate_44,F07,Male
169518,206972320046,R07C01,Plate_44,G07,Male
169521,206972320046,R08C01,Plate_44,H07,Male
169524,206972320054,R01C01,Plate_44,A08,Female
169527,206972320054,R02C01,Plate_44,B08,Male
169530,206972320054,R03C01,Plate_44,C08,Female
169533,206972320054,R04C01,Plate_44,D08,Male
169536,206972320054,R05C01,Plate_44,E08,Male
169539,206972320054,R06C01,Plate_44,F08,Female
169542,206972320054,R07C01,Plate_44,G08,Female
169545,206972320054,R08C01,Plate_44,H08,Female
169548,206972330024,R01C01,Plate_44,A09,Female
169551,206972330024,R02C01,Plate_44,B09,Male
169554,206972330024,R03C01,Plate_44,C09,Female
169557,206972330024,R04C01,Plate_44,D09,Male
169560,206972330024,R05C01,Plate_44,E09,Male
169563,206972330024,R06C01,Plate_44,F09,Female
169566,206972330024,R07C01,Plate_44,G09,Male
169569,206972330024,R08C01,Plate_44,H09,Female
169572,206972330025,R01C01,Plate_44,A10,Male
169575,206972330025,R02C01,Plate_44,B10,Male
169584,206972330025,R03C01,Plate_44,C10,Female
169587,206972330025,R04C01,Plate_44,D10,Female
169590,206972330025,R05C01,Plate_44,E10,Male
169593,206972330025,R06C01,Plate_44,F10,Male
169596,206972330025,R07C01,Plate_44,G10,Male
169599,206972330025,R08C01,Plate_44,H10,Male
169602,206972330027,R01C01,Plate_44,A11,Male
169605,206972330027,R02C01,Plate_44,B11,Female
169608,206972330027,R03C01,Plate_44,C11,Male
169611,206972330027,R04C01,Plate_44,D11,Male
169614,206972330027,R05C01,Plate_44,E11,Male
169617,206972330027,R06C01,Plate_44,F11,Female
169620,206972330027,R07C01,Plate_44,G11,Male
169623,206972330027,R08C01,Plate_44,H11,Male
169626,206972330031,R01C01,Plate_44,A12,Female
169629,206972330031,R02C01,Plate_44,B12,Male
169632,206972330031,R03C01,Plate_44,C12,Male
169635,206972330031,R04C01,Plate_44,D12,Male
169638,206972330031,R05C01,Plate_44,E12,Male
169641,206972330031,R06C01,Plate_44,F12,Male
169657,206972330031,R07C01,Plate_44,G12,Female
169660,206972330031,R08C01,Plate_44,H12,Female
169663,206967090002,R01C01,Plate_45,A01,Male
169666,206967090002,R02C01,Plate_45,B01,Male
169669,206967090002,R03C01,Plate_45,C01,Female
169672,206967090002,R04C01,Plate_45,D01,Female
169675,206967090002,R05C01,Plate_45,E01,Female
169678,206967090002,R06C01,Plate_45,F01,Male
169681,206967090002,R07C01,Plate_45,G01,Female
169684,206967090002,R08C01,Plate_45,H01,Male
169687,206967090036,R01C01,Plate_45,A02,Male
153753,206967090036,R02C01,Plate_45,B02,Male
169701,206967090036,R03C01,Plate_45,C02,Male
169704,206967090036,R04C01,Plate_45,D02,Female
169707,206967090036,R05C01,Plate_45,E02,Male
169710,206967090036,R06C01,Plate_45,F02,Female
169713,206967090036,R07C01,Plate_45,G02,Female
169716,206967090036,R08C01,Plate_45,H02,Female
169719,206967090049,R01C01,Plate_45,A03,Male
169725,206967090049,R02C01,Plate_45,B03,Female
169728,206967090049,R03C01,Plate_45,C03,Male
169731,206967090049,R04C01,Plate_45,D03,Female
169734,206967090049,R05C01,Plate_45,E03,Male
169737,206967090049,R06C01,Plate_45,F03,Male
169740,206967090049,R07C01,Plate_45,G03,Male
169743,206967090049,R08C01,Plate_45,H03,Male
169746,206967090057,R01C01,Plate_45,A04,Male
169749,206967090057,R02C01,Plate_45,B04,Female
169752,206967090057,R03C01,Plate_45,C04,Male
169755,206967090057,R04C01,Plate_45,D04,Male
169758,206967090057,R05C01,Plate_45,E04,Female
169761,206967090057,R06C01,Plate_45,F04,Male
169764,206967090057,R07C01,Plate_45,G04,Male
169767,206967090057,R08C01,Plate_45,H04,Female
169772,206967090059,R01C01,Plate_45,A05,Male
169775,206967090059,R02C01,Plate_45,B05,Male
169778,206967090059,R03C01,Plate_45,C05,Female
169781,206967090059,R04C01,Plate_45,D05,Female
169784,206967090059,R05C01,Plate_45,E05,Female
169787,206967090059,R06C01,Plate_45,F05,Male
169790,206967090059,R07C01,Plate_45,G05,Female
169793,206967090059,R08C01,Plate_45,H05,Female
169796,206967090060,R01C01,Plate_45,A06,Male
169799,206967090060,R02C01,Plate_45,B06,Female
169802,206967090060,R03C01,Plate_45,C06,Female
169805,206967090060,R04C01,Plate_45,D06,Female
169808,206967090060,R05C01,Plate_45,E06,Male
169824,206967090060,R06C01,Plate_45,F06,Male
169827,206967090060,R07C01,Plate_45,G06,Male
169830,206967090060,R08C01,Plate_45,H06,Female
169833,206967090097,R01C01,Plate_45,A07,Male
169836,206967090097,R02C01,Plate_45,B07,Female
169839,206967090097,R03C01,Plate_45,C07,Male
169842,206967090097,R04C01,Plate_45,D07,Female
169845,206967090097,R05C01,Plate_45,E07,Female
169848,206967090097,R06C01,Plate_45,F07,Male
169851,206967090097,R07C01,Plate_45,G07,Male
169854,206967090097,R08C01,Plate_45,H07,Female
169857,206967090107,R01C01,Plate_45,A08,Male
169860,206967090107,R02C01,Plate_45,B08,Male
169863,206967090107,R03C01,Plate_45,C08,Male
169866,206967090107,R04C01,Plate_45,D08,Male
169869,206967090107,R05C01,Plate_45,E08,Female
169872,206967090107,R06C01,Plate_45,F08,Female
169875,206967090107,R07C01,Plate_45,G08,Female
169878,206967090107,R08C01,Plate_45,H08,Male
169881,206972320040,R01C01,Plate_45,A09,Female
169884,206972320040,R02C01,Plate_45,B09,Male
169887,206972320040,R03C01,Plate_45,C09,Male
169890,206972320040,R04C01,Plate_45,D09,Male
169893,206972320040,R05C01,Plate_45,E09,Male
169896,206972320040,R06C01,Plate_45,F09,Male
169899,206972320040,R07C01,Plate_45,G09,Female
169903,206972320040,R08C01,Plate_45,H09,Male
169906,206972320042,R01C01,Plate_45,A10,Male
169909,206972320042,R02C01,Plate_45,B10,Male
169912,206972320042,R03C01,Plate_45,C10,Male
169915,206972320042,R04C01,Plate_45,D10,Male
169918,206972320042,R05C01,Plate_45,E10,Male
169921,206972320042,R06C01,Plate_45,F10,Female
169927,206972320042,R07C01,Plate_45,G10,Female
169930,206972320042,R08C01,Plate_45,H10,Female
169933,206972320064,R01C01,Plate_45,A11,Male
169936,206972320064,R02C01,Plate_45,B11,Male
169939,206972320064,R03C01,Plate_45,C11,Male
169942,206972320064,R04C01,Plate_45,D11,Female
169945,206972320064,R05C01,Plate_45,E11,Female
169948,206972320064,R06C01,Plate_45,F11,Male
169951,206972320064,R07C01,Plate_45,G11,Male
169954,206972320064,R08C01,Plate_45,H11,Female
169957,206972320076,R01C01,Plate_45,A12,Male
169960,206972320076,R02C01,Plate_45,B12,Male
169963,206972320076,R03C01,Plate_45,C12,Male
169974,206972320076,R04C01,Plate_45,D12,Male
169977,206972320076,R05C01,Plate_45,E12,Female
169980,206972320076,R06C01,Plate_45,F12,Male
169983,206972320076,R07C01,Plate_45,G12,Male
169986,206972320076,R08C01,Plate_45,H12,Male
169989,206972330032,R01C01,Plate_46,A01,Male
169992,206972330032,R02C01,Plate_46,B01,Male
169995,206972330032,R03C01,Plate_46,C01,Female
169998,206972330032,R04C01,Plate_46,D01,Female
170001,206972330032,R05C01,Plate_46,E01,Male
170004,206972330032,R06C01,Plate_46,F01,Female
170007,206972330032,R07C01,Plate_46,G01,Male
170010,206972330032,R08C01,Plate_46,H01,Female
170013,206972330033,R01C01,Plate_46,A02,Female
170016,206972330033,R02C01,Plate_46,B02,Male
170034,206972330033,R03C01,Plate_46,C02,Male
170037,206972330033,R04C01,Plate_46,D02,Female
170040,206972330033,R05C01,Plate_46,E02,Female
170043,206972330033,R06C01,Plate_46,F02,Male
170046,206972330033,R07C01,Plate_46,G02,Male
170049,206972330033,R08C01,Plate_46,H02,Female
170054,206972330054,R01C01,Plate_46,A03,Male
170057,206972330054,R02C01,Plate_46,B03,Female
170060,206972330054,R03C01,Plate_46,C03,Female
170063,206972330054,R04C01,Plate_46,D03,Male
170066,206972330054,R05C01,Plate_46,E03,Male
170069,206972330054,R06C01,Plate_46,F03,Male
170072,206972330054,R07C01,Plate_46,G03,Male
170075,206972330054,R08C01,Plate_46,H03,Female
170080,206972330071,R01C01,Plate_46,A04,Female
170085,206972330071,R02C01,Plate_46,B04,Female
170088,206972330071,R03C01,Plate_46,C04,Male
170091,206972330071,R04C01,Plate_46,D04,Female
170094,206972330071,R05C01,Plate_46,E04,Female
170097,206972330071,R06C01,Plate_46,F04,Male
170119,206972330071,R07C01,Plate_46,G04,Male
170122,206972330071,R08C01,Plate_46,H04,Female
170125,206966360005,R01C01,Plate_46,A05,Male
170128,206966360005,R02C01,Plate_46,B05,Male
170131,206966360005,R03C01,Plate_46,C05,Female
170134,206966360005,R04C01,Plate_46,D05,Male
170137,206966360005,R05C01,Plate_46,E05,Male
170140,206966360005,R06C01,Plate_46,F05,Female
170143,206966360005,R07C01,Plate_46,G05,Male
170146,206966360005,R08C01,Plate_46,H05,Female
170149,206966360020,R01C01,Plate_46,A06,Male
170152,206966360020,R02C01,Plate_46,B06,Male
170174,206966360020,R03C01,Plate_46,C06,Female
170177,206966360020,R04C01,Plate_46,D06,Male
170180,206966360020,R05C01,Plate_46,E06,Male
170183,206966360020,R06C01,Plate_46,F06,Female
170186,206966360020,R07C01,Plate_46,G06,Male
170189,206966360020,R08C01,Plate_46,H06,Male
170192,206966360026,R01C01,Plate_46,A07,Female
170195,206966360026,R02C01,Plate_46,B07,Male
170198,206966360026,R03C01,Plate_46,C07,Male
170201,206966360026,R04C01,Plate_46,D07,Male
170204,206966360026,R05C01,Plate_46,E07,Male
170207,206966360026,R06C01,Plate_46,F07,Male
170210,206966360026,R07C01,Plate_46,G07,Female
170213,206966360026,R08C01,Plate_46,H07,Male
170223,206966360037,R01C01,Plate_46,A08,Female
170226,206966360037,R02C01,Plate_46,B08,Female
170229,206966360037,R03C01,Plate_46,C08,Male
170232,206966360037,R04C01,Plate_46,D08,Female
170235,206966360037,R05C01,Plate_46,E08,Male
170238,206966360037,R06C01,Plate_46,F08,Female
170241,206966360037,R07C01,Plate_46,G08,Male
170244,206966360037,R08C01,Plate_46,H08,Male
170247,206966360042,R01C01,Plate_46,A09,Male
170250,206966360042,R02C01,Plate_46,B09,Female
170253,206966360042,R03C01,Plate_46,C09,Female
170256,206966360042,R04C01,Plate_46,D09,Male
170259,206966360042,R05C01,Plate_46,E09,Female
170262,206966360042,R06C01,Plate_46,F09,Female
170265,206966360042,R07C01,Plate_46,G09,Male
170272,206966360042,R08C01,Plate_46,H09,Female
170275,206966360071,R01C01,Plate_46,A10,Female
170278,206966360071,R02C01,Plate_46,B10,Female
170281,206966360071,R03C01,Plate_46,C10,Female
170284,206966360071,R04C01,Plate_46,D10,Male
170287,206966360071,R05C01,Plate_46,E10,Male
170290,206966360071,R06C01,Plate_46,F10,Female
170293,206966360071,R07C01,Plate_46,G10,Female
170296,206966360071,R08C01,Plate_46,H10,Male
170299,206966360102,R01C01,Plate_46,A11,Male
170302,206966360102,R02C01,Plate_46,B11,Female
170313,206966360102,R03C01,Plate_46,C11,Female
170316,206966360102,R04C01,Plate_46,D11,Male
170319,206966360102,R05C01,Plate_46,E11,Male
170322,206966360102,R06C01,Plate_46,F11,Female
170325,206966360102,R07C01,Plate_46,G11,Male
170328,206966360102,R08C01,Plate_46,H11,Female
170331,206966360111,R01C01,Plate_46,A12,Female
170334,206966360111,R02C01,Plate_46,B12,Female
170337,206966360111,R03C01,Plate_46,C12,Female
170340,206966360111,R04C01,Plate_46,D12,Male
170343,206966360111,R05C01,Plate_46,E12,Female
170346,206966360111,R06C01,Plate_46,F12,Male
170349,206966360111,R07C01,Plate_46,G12,Male
170352,206966360111,R08C01,Plate_46,H12,Male
170367,206966360001,R01C01,Plate_47,A01,Female
170370,206966360001,R02C01,Plate_47,B01,Female
170373,206966360001,R03C01,Plate_47,C01,Male
170376,206966360001,R04C01,Plate_47,D01,Female
170379,206966360001,R05C01,Plate_47,E01,Female
170382,206966360001,R06C01,Plate_47,F01,Male
170385,206966360001,R07C01,Plate_47,G01,Male
170388,206966360001,R08C01,Plate_47,H01,Female
170391,206966360015,R01C01,Plate_47,A02,Male
170394,206966360015,R02C01,Plate_47,B02,Female
170397,206966360015,R03C01,Plate_47,C02,Male
170406,206966360015,R04C01,Plate_47,D02,Female
170409,206966360015,R05C01,Plate_47,E02,Female
170412,206966360015,R06C01,Plate_47,F02,Male
170415,206966360015,R07C01,Plate_47,G02,Female
170418,206966360015,R08C01,Plate_47,H02,Male
170421,206966360022,R01C01,Plate_47,A03,Female
170424,206966360022,R02C01,Plate_47,B03,Female
170427,206966360022,R03C01,Plate_47,C03,Male
170430,206966360022,R04C01,Plate_47,D03,Male
170433,206966360022,R05C01,Plate_47,E03,Male
170436,206966360022,R06C01,Plate_47,F03,Male
170456,206966360022,R07C01,Plate_47,G03,Female
170459,206966360022,R08C01,Plate_47,H03,Female
170462,206966360024,R01C01,Plate_47,A04,Male
170465,206966360024,R02C01,Plate_47,B04,Male
170468,206966360024,R03C01,Plate_47,C04,Male
170471,206966360024,R04C01,Plate_47,D04,Female
170474,206966360024,R05C01,Plate_47,E04,Male
170477,206966360024,R06C01,Plate_47,F04,Male
170480,206966360024,R07C01,Plate_47,G04,Female
170483,206966360024,R08C01,Plate_47,H04,Male
170486,206966360027,R01C01,Plate_47,A05,Female
170489,206966360027,R02C01,Plate_47,B05,Male
170496,206966360027,R03C01,Plate_47,C05,Male
170499,206966360027,R04C01,Plate_47,D05,Male
170502,206966360027,R05C01,Plate_47,E05,Female
170505,206966360027,R06C01,Plate_47,F05,Male
170511,206966360027,R07C01,Plate_47,G05,Female
170514,206966360027,R08C01,Plate_47,H05,Male
170517,206966360039,R01C01,Plate_47,A06,Female
170520,206966360039,R02C01,Plate_47,B06,Female
170532,206966360039,R03C01,Plate_47,C06,Male
170535,206966360039,R04C01,Plate_47,D06,Female
170538,206966360039,R05C01,Plate_47,E06,Male
170544,206966360039,R06C01,Plate_47,F06,Female
170547,206966360039,R07C01,Plate_47,G06,Male
170550,206966360039,R08C01,Plate_47,H06,Male
170553,206966360047,R01C01,Plate_47,A07,Female
170556,206966360047,R02C01,Plate_47,B07,Male
170559,206966360047,R03C01,Plate_47,C07,Male
170562,206966360047,R04C01,Plate_47,D07,Male
170565,206966360047,R05C01,Plate_47,E07,Female
170571,206966360047,R06C01,Plate_47,F07,Male
170574,206966360047,R07C01,Plate_47,G07,Male
170577,206966360047,R08C01,Plate_47,H07,Female
170580,206966360049,R01C01,Plate_47,A08,Male
170583,206966360049,R02C01,Plate_47,B08,Female
170586,206966360049,R03C01,Plate_47,C08,Male
170589,206966360049,R04C01,Plate_47,D08,Male
170592,206966360049,R05C01,Plate_47,E08,Female
170595,206966360049,R06C01,Plate_47,F08,Female
170598,206966360049,R07C01,Plate_47,G08,Male
170601,206966360049,R08C01,Plate_47,H08,Female
170604,206972320002,R01C01,Plate_47,A09,Male
170607,206972320002,R02C01,Plate_47,B09,Female
170610,206972320002,R03C01,Plate_47,C09,Male
170613,206972320002,R04C01,Plate_47,D09,Male
170616,206972320002,R05C01,Plate_47,E09,Female
170619,206972320002,R06C01,Plate_47,F09,Male
170622,206972320002,R07C01,Plate_47,G09,Male
170633,206972320002,R08C01,Plate_47,H09,Male
170636,206972320006,R01C01,Plate_47,A10,Male
170639,206972320006,R02C01,Plate_47,B10,Male
170642,206972320006,R03C01,Plate_47,C10,Female
170645,206972320006,R04C01,Plate_47,D10,Male
170648,206972320006,R05C01,Plate_47,E10,Female
170651,206972320006,R06C01,Plate_47,F10,Male
170654,206972320006,R07C01,Plate_47,G10,Female
170657,206972320006,R08C01,Plate_47,H10,Female
170660,206972320045,R01C01,Plate_47,A11,Male
170663,206972320045,R02C01,Plate_47,B11,Male
170675,206972320045,R03C01,Plate_47,C11,Female
170678,206972320045,R04C01,Plate_47,D11,Male
170681,206972320045,R05C01,Plate_47,E11,Male
170684,206972320045,R06C01,Plate_47,F11,Male
170687,206972320045,R07C01,Plate_47,G11,Female
170690,206972320045,R08C01,Plate_47,H11,Male
170693,206972320050,R01C01,Plate_47,A12,Female
170696,206972320050,R02C01,Plate_47,B12,Male
170699,206972320050,R03C01,Plate_47,C12,Male
170702,206972320050,R04C01,Plate_47,D12,Female
170705,206972320050,R05C01,Plate_47,E12,Male
170708,206972320050,R06C01,Plate_47,F12,Female
170711,206972320050,R07C01,Plate_47,G12,Female
170714,206972320050,R08C01,Plate_47,H12,Female
170724,206972320059,R01C01,Plate_48,A01,Female
170727,206972320059,R02C01,Plate_48,B01,Male
170730,206972320059,R03C01,Plate_48,C01,Male
170733,206972320059,R04C01,Plate_48,D01,Male
170736,206972320059,R05C01,Plate_48,E01,Female
170739,206972320059,R06C01,Plate_48,F01,Male
170742,206972320059,R07C01,Plate_48,G01,Male
170745,206972320059,R08C01,Plate_48,H01,Female
170748,206972320063,R01C01,Plate_48,A02,Male
170751,206972320063,R02C01,Plate_48,B02,Female
170754,206972320063,R03C01,Plate_48,C02,Male
170757,206972320063,R04C01,Plate_48,D02,Female
170774,206972320063,R05C01,Plate_48,E02,Female
170777,206972320063,R06C01,Plate_48,F02,Female
170780,206972320063,R07C01,Plate_48,G02,Female
170783,206972320063,R08C01,Plate_48,H02,Male
8003071,206972320070,R01C01,Plate_48,A03,Female
170789,206972320070,R02C01,Plate_48,B03,Female
170792,206972320070,R03C01,Plate_48,C03,Male
170795,206972320070,R04C01,Plate_48,D03,Female
170798,206972320070,R05C01,Plate_48,E03,Male
170801,206972320070,R06C01,Plate_48,F03,Male
170804,206972320070,R07C01,Plate_48,G03,Male
170807,206972320070,R08C01,Plate_48,H03,Male
170810,206972320072,R01C01,Plate_48,A04,Male
170825,206972320072,R02C01,Plate_48,B04,Male
170828,206972320072,R03C01,Plate_48,C04,Male
170831,206972320072,R04C01,Plate_48,D04,Female
170834,206972320072,R05C01,Plate_48,E04,Female
170837,206972320072,R06C01,Plate_48,F04,Male
170840,206972320072,R07C01,Plate_48,G04,Female
170843,206972320072,R08C01,Plate_48,H04,Female
170846,206966360011,R01C01,Plate_48,A05,Male
170849,206966360011,R02C01,Plate_48,B05,Female
170852,206966360011,R03C01,Plate_48,C05,Male
170855,206966360011,R04C01,Plate_48,D05,Female
170858,206966360011,R05C01,Plate_48,E05,Female
170861,206966360011,R06C01,Plate_48,F05,Female
170872,206966360011,R07C01,Plate_48,G05,Female
170875,206966360011,R08C01,Plate_48,H05,Female
170878,206966360012,R01C01,Plate_48,A06,Male
170881,206966360012,R02C01,Plate_48,B06,Male
170884,206966360012,R03C01,Plate_48,C06,Male
170887,206966360012,R04C01,Plate_48,D06,Female
170890,206966360012,R05C01,Plate_48,E06,Male
170893,206966360012,R06C01,Plate_48,F06,Female
170896,206966360012,R07C01,Plate_48,G06,Female
170899,206966360012,R08C01,Plate_48,H06,Female
170902,206966360053,R01C01,Plate_48,A07,Male
170905,206966360053,R02C01,Plate_48,B07,Female
170908,206966360053,R03C01,Plate_48,C07,Male
170911,206966360053,R04C01,Plate_48,D07,Female
170914,206966360053,R05C01,Plate_48,E07,Female
170917,206966360053,R06C01,Plate_48,F07,Female
170920,206966360053,R07C01,Plate_48,G07,Female
170923,206966360053,R08C01,Plate_48,H07,Male
170926,206966360054,R01C01,Plate_48,A08,Female
170930,206966360054,R02C01,Plate_48,B08,Male
170937,206966360054,R03C01,Plate_48,C08,Male
170940,206966360054,R04C01,Plate_48,D08,Male
170943,206966360054,R05C01,Plate_48,E08,Male
170946,206966360054,R06C01,Plate_48,F08,Male
170949,206966360054,R07C01,Plate_48,G08,Female
170952,206966360054,R08C01,Plate_48,H08,Female
170955,206966360074,R01C01,Plate_48,A09,Female
170958,206966360074,R02C01,Plate_48,B09,Female
170961,206966360074,R03C01,Plate_48,C09,Female
170964,206966360074,R04C01,Plate_48,D09,Female
170967,206966360074,R05C01,Plate_48,E09,Male
7969686,206966360074,R06C01,Plate_48,F09,Female
170973,206966360074,R07C01,Plate_48,G09,Male
170976,206966360074,R08C01,Plate_48,H09,Female
170983,206966360084,R01C01,Plate_48,A10,Male
170986,206966360084,R02C01,Plate_48,B10,Female
170989,206966360084,R03C01,Plate_48,C10,Male
170992,206966360084,R04C01,Plate_48,D10,Male
170996,206966360084,R05C01,Plate_48,E10,Male
170999,206966360084,R06C01,Plate_48,F10,Female
171002,206966360084,R07C01,Plate_48,G10,Female
171005,206966360084,R08C01,Plate_48,H10,Female
171008,206966360088,R01C01,Plate_48,A11,Male
171011,206966360088,R02C01,Plate_48,B11,Male
171014,206966360088,R03C01,Plate_48,C11,Female
171032,206966360088,R04C01,Plate_48,D11,Male
171035,206966360088,R05C01,Plate_48,E11,Male
171038,206966360088,R06C01,Plate_48,F11,Male
171041,206966360088,R07C01,Plate_48,G11,Female
171044,206966360088,R08C01,Plate_48,H11,Female
171047,206966360090,R01C01,Plate_48,A12,Male
171050,206966360090,R02C01,Plate_48,B12,Male
171053,206966360090,R03C01,Plate_48,C12,Male
171056,206966360090,R04C01,Plate_48,D12,Male
171059,206966360090,R05C01,Plate_48,E12,Female
171062,206966360090,R06C01,Plate_48,F12,Female
171065,206966360090,R07C01,Plate_48,G12,Male
171077,206966360090,R08C01,Plate_48,H12,Male
171080,206966360031,R01C01,Plate_49,A01,Female
171083,206966360031,R02C01,Plate_49,B01,Male
171091,206966360031,R03C01,Plate_49,C01,Male
171094,206966360031,R04C01,Plate_49,D01,Female
171101,206966360031,R05C01,Plate_49,E01,Male
171104,206966360031,R06C01,Plate_49,F01,Male
171107,206966360031,R07C01,Plate_49,G01,Female
171110,206966360031,R08C01,Plate_49,H01,Male
171113,206966360069,R01C01,Plate_49,A02,Male
171116,206966360069,R02C01,Plate_49,B02,Male
171119,206966360069,R03C01,Plate_49,C02,Female
171122,206966360069,R04C01,Plate_49,D02,Male
171125,206966360069,R05C01,Plate_49,E02,Male
171128,206966360069,R06C01,Plate_49,F02,Female
171131,206966360069,R07C01,Plate_49,G02,Male
171134,206966360069,R08C01,Plate_49,H02,Male
171137,206966360094,R01C01,Plate_49,A03,Female
171140,206966360094,R02C01,Plate_49,B03,Female
171151,206966360094,R03C01,Plate_49,C03,Female
171154,206966360094,R04C01,Plate_49,D03,Male
171157,206966360094,R05C01,Plate_49,E03,Male
171160,206966360094,R06C01,Plate_49,F03,Male
171163,206966360094,R07C01,Plate_49,G03,Female
171166,206966360094,R08C01,Plate_49,H03,Female
171169,206966360095,R01C01,Plate_49,A04,Male
171172,206966360095,R02C01,Plate_49,B04,Female
171175,206966360095,R03C01,Plate_49,C04,Male
171178,206966360095,R04C01,Plate_49,D04,Female
171181,206966360095,R05C01,Plate_49,E04,Male
171184,206966360095,R06C01,Plate_49,F04,Female
171187,206966360095,R07C01,Plate_49,G04,Male
171190,206966360095,R08C01,Plate_49,H04,Male
171197,206966370037,R01C01,Plate_49,A05,Female
171200,206966370037,R02C01,Plate_49,B05,Female
171203,206966370037,R03C01,Plate_49,C05,Female
171206,206966370037,R04C01,Plate_49,D05,Male
171209,206966370037,R05C01,Plate_49,E05,Male
171212,206966370037,R06C01,Plate_49,F05,Male
171215,206966370037,R07C01,Plate_49,G05,Male
171218,206966370037,R08C01,Plate_49,H05,Female
171221,206966370038,R01C01,Plate_49,A06,Male
171224,206966370038,R02C01,Plate_49,B06,Male
171227,206966370038,R03C01,Plate_49,C06,Male
171235,206966370038,R04C01,Plate_49,D06,Male
171238,206966370038,R05C01,Plate_49,E06,Male
171241,206966370038,R06C01,Plate_49,F06,Female
171244,206966370038,R07C01,Plate_49,G06,Female
171247,206966370038,R08C01,Plate_49,H06,Male
171250,206966370039,R01C01,Plate_49,A07,Male
171253,206966370039,R02C01,Plate_49,B07,Female
171256,206966370039,R03C01,Plate_49,C07,Male
171259,206966370039,R04C01,Plate_49,D07,Male
171262,206966370039,R05C01,Plate_49,E07,Female
171265,206966370039,R06C01,Plate_49,F07,Male
171268,206966370039,R07C01,Plate_49,G07,Male
171271,206966370039,R08C01,Plate_49,H07,Male
171274,206966370043,R01C01,Plate_49,A08,Male
171277,206966370043,R02C01,Plate_49,B08,Male
171280,206966370043,R03C01,Plate_49,C08,Male
171283,206966370043,R04C01,Plate_49,D08,Female
171291,206966370043,R05C01,Plate_49,E08,Female
171294,206966370043,R06C01,Plate_49,F08,Male
171297,206966370043,R07C01,Plate_49,G08,Male
171300,206966370043,R08C01,Plate_49,H08,Female
171303,206966370044,R01C01,Plate_49,A09,Male
171309,206966370044,R02C01,Plate_49,B09,Female
171312,206966370044,R03C01,Plate_49,C09,Male
171315,206966370044,R04C01,Plate_49,D09,Female
171318,206966370044,R05C01,Plate_49,E09,Male
171321,206966370044,R06C01,Plate_49,F09,Male
171324,206966370044,R07C01,Plate_49,G09,Female
171327,206966370044,R08C01,Plate_49,H09,Female
171330,206966370081,R01C01,Plate_49,A10,Male
171333,206966370081,R02C01,Plate_49,B10,Female
171336,206966370081,R03C01,Plate_49,C10,Male
171339,206966370081,R04C01,Plate_49,D10,Female
171342,206966370081,R05C01,Plate_49,E10,Male
171365,206966370081,R06C01,Plate_49,F10,Female
171368,206966370081,R07C01,Plate_49,G10,Male
171371,206966370081,R08C01,Plate_49,H10,Male
171374,206966370088,R01C01,Plate_49,A11,Male
171377,206966370088,R02C01,Plate_49,B11,Female
171380,206966370088,R03C01,Plate_49,C11,Male
171383,206966370088,R04C01,Plate_49,D11,Male
171386,206966370088,R05C01,Plate_49,E11,Male
171389,206966370088,R06C01,Plate_49,F11,Female
171392,206966370088,R07C01,Plate_49,G11,Male
171395,206966370088,R08C01,Plate_49,H11,Female
171398,206966370102,R01C01,Plate_49,A12,Male
171401,206966370102,R02C01,Plate_49,B12,Female
171404,206966370102,R03C01,Plate_49,C12,Male
171407,206966370102,R04C01,Plate_49,D12,Female
171413,206966370102,R05C01,Plate_49,E12,Male
171416,206966370102,R06C01,Plate_49,F12,Male
171419,206966370102,R07C01,Plate_49,G12,Female
171422,206966370102,R08C01,Plate_49,H12,Female
7824279,206680900004,R01C01,Plate_05,A01,Male
7824303,206680900004,R02C01,Plate_05,B01,Male
7824337,206680900004,R03C01,Plate_05,C01,Female
7820855,206680900004,R04C01,Plate_05,D01,Female
7812605,206680900004,R05C01,Plate_05,E01,Male
7812639,206680900004,R06C01,Plate_05,F01,Female
7812662,206680900004,R07C01,Plate_05,G01,Female
7812696,206680900004,R08C01,Plate_05,H01,Female
7812720,206680900038,R01C01,Plate_05,A02,Male
7812993,206680900038,R02C01,Plate_05,B02,Male
7813025,206680900038,R03C01,Plate_05,C02,Female
7813058,206680900038,R04C01,Plate_05,D02,Male
7813082,206680900038,R05C01,Plate_05,E02,Female
7813116,206680900038,R06C01,Plate_05,F02,Female
7817794,206680900038,R07C01,Plate_05,G02,Female
7817828,206680900038,R08C01,Plate_05,H02,Female
7817851,206680900042,R01C01,Plate_05,A03,Male
7817885,206680900042,R02C01,Plate_05,B03,Male
7817919,206680900042,R03C01,Plate_05,C03,Male
7817943,206680900042,R04C01,Plate_05,D03,Female
7817976,206680900042,R05C01,Plate_05,E03,Female
7821093,206680900042,R06C01,Plate_05,F03,Male
7821127,206680900042,R07C01,Plate_05,G03,Male
7821168,206680900042,R08C01,Plate_05,H03,Male
7821192,206680900047,R01C01,Plate_05,A04,Male
7821226,206680900047,R02C01,Plate_05,B04,Male
7824360,206680900047,R03C01,Plate_05,C04,Male
7824394,206680900047,R04C01,Plate_05,D04,Male
7813181,206680900047,R05C01,Plate_05,E04,Male
7813215,206680900047,R06C01,Plate_05,F04,Male
7813231,206680900047,R07C01,Plate_05,G04,Male
7813264,206680900047,R08C01,Plate_05,H04,Male
7813298,206680900050,R01C01,Plate_05,A05,Male
7813322,206680900050,R02C01,Plate_05,B05,Female
7813355,206680900050,R03C01,Plate_05,C05,Male
7813397,206680900050,R04C01,Plate_05,D05,Male
7820194,206680900050,R05C01,Plate_05,E05,Male
7820228,206680900050,R06C01,Plate_05,F05,Male
7820251,206680900050,R07C01,Plate_05,G05,Male
7820285,206680900050,R08C01,Plate_05,H05,Female
7820319,206680900057,R01C01,Plate_05,A06,Male
7821259,206680900057,R02C01,Plate_05,B06,Male
7821283,206680900057,R03C01,Plate_05,C06,Male
7821317,206680900057,R04C01,Plate_05,D06,Male
7821341,206680900057,R05C01,Plate_05,E06,Male
7824428,206680900057,R06C01,Plate_05,F06,Female
7824451,206680900057,R07C01,Plate_05,G06,Female
7824485,206680900057,R08C01,Plate_05,H06,Male
7813421,206680900079,R01C01,Plate_05,A07,Female
7813470,206680900079,R02C01,Plate_05,B07,Male
7813504,206680900079,R03C01,Plate_05,C07,Female
7813538,206680900079,R04C01,Plate_05,D07,Male
7813561,206680900079,R05C01,Plate_05,E07,Male
7813595,206680900079,R06C01,Plate_05,F07,Male
7813629,206680900079,R07C01,Plate_05,G07,Male
7818008,206680900079,R08C01,Plate_05,H07,Female
7818032,206680900080,R01C01,Plate_05,A08,Male
7818065,206680900080,R02C01,Plate_05,B08,Male
7818099,206680900080,R03C01,Plate_05,C08,Male
7818123,206680900080,R04C01,Plate_05,D08,Male
7818156,206680900080,R05C01,Plate_05,E08,Female
7819956,206680900080,R06C01,Plate_05,F08,Male
7819980,206680900080,R07C01,Plate_05,G08,Female
7820343,206680900080,R08C01,Plate_05,H08,Female
7820376,206680900009,R01C01,Plate_05,A09,Male
7820400,206680900009,R02C01,Plate_05,B09,Male
7812753,206680900009,R03C01,Plate_05,C09,Female
7812787,206680900009,R04C01,Plate_05,D09,Male
7812811,206680900009,R05C01,Plate_05,E09,Female
7812845,206680900009,R06C01,Plate_05,F09,Male
7812878,206680900009,R07C01,Plate_05,G09,Male
7812902,206680900009,R08C01,Plate_05,H09,Male
7812936,206680900065,R01C01,Plate_05,A10,Female
7812969,206680900065,R02C01,Plate_05,B10,Male
7813652,206680900065,R03C01,Plate_05,C10,Male
7813686,206680900065,R04C01,Plate_05,D10,Female
7818180,206680900065,R05C01,Plate_05,E10,Female
7818214,206680900065,R06C01,Plate_05,F10,Female
7818248,206680900065,R07C01,Plate_05,G10,Male
7819238,206680900065,R08C01,Plate_05,H10,Female
7819261,206680900074,R01C01,Plate_05,A11,Female
7819295,206680900074,R02C01,Plate_05,B11,Male
7819329,206680900074,R03C01,Plate_05,C11,Male
7819352,206680900074,R04C01,Plate_05,D11,Male
7820012,206680900074,R05C01,Plate_05,E11,Male
7820046,206680900074,R06C01,Plate_05,F11,Female
7820079,206680900074,R07C01,Plate_05,G11,Female
7820103,206680900074,R08C01,Plate_05,H11,Female
7820137,206680900097,R01C01,Plate_05,A12,Female
7820160,206680900097,R02C01,Plate_05,B12,Male
7823073,206680900097,R03C01,Plate_05,C12,Female
7823107,206680900097,R04C01,Plate_05,D12,Male
7823131,206680900097,R05C01,Plate_05,E12,Female
7823164,206680900097,R06C01,Plate_05,F12,Female
7823198,206680900097,R07C01,Plate_05,G12,Male
7823792,206680900097,R08C01,Plate_05,H12,Male
171425,206959430004,R01C01,Plate_50,A01,Male
171428,206959430004,R02C01,Plate_50,B01,Female
171431,206959430004,R03C01,Plate_50,C01,Male
171434,206959430004,R04C01,Plate_50,D01,Male
171437,206959430004,R05C01,Plate_50,E01,Male
171440,206959430004,R06C01,Plate_50,F01,Male
171443,206959430004,R07C01,Plate_50,G01,Male
171446,206959430004,R08C01,Plate_50,H01,Male
171449,206959430010,R01C01,Plate_50,A02,Male
171452,206959430010,R02C01,Plate_50,B02,Female
171455,206959430010,R03C01,Plate_50,C02,Male
171458,206959430010,R04C01,Plate_50,D02,Male
171474,206959430010,R05C01,Plate_50,E02,Male
171477,206959430010,R06C01,Plate_50,F02,Female
171480,206959430010,R07C01,Plate_50,G02,Female
171483,206959430010,R08C01,Plate_50,H02,Male
171489,206959430027,R01C01,Plate_50,A03,Female
171492,206959430027,R02C01,Plate_50,B03,Female
171495,206959430027,R03C01,Plate_50,C03,Female
171511,206959430027,R04C01,Plate_50,D03,Female
171514,206959430027,R05C01,Plate_50,E03,Female
171517,206959430027,R06C01,Plate_50,F03,Female
171520,206959430027,R07C01,Plate_50,G03,Male
171523,206959430027,R08C01,Plate_50,H03,Male
171526,206959430052,R01C01,Plate_50,A04,Male
171529,206959430052,R02C01,Plate_50,B04,Female
171532,206959430052,R03C01,Plate_50,C04,Female
171535,206959430052,R04C01,Plate_50,D04,Male
171538,206959430052,R05C01,Plate_50,E04,Male
171541,206959430052,R06C01,Plate_50,F04,Male
171544,206959430052,R07C01,Plate_50,G04,Male
171547,206959430052,R08C01,Plate_50,H04,Female
171550,206967090003,R01C01,Plate_50,A05,Male
171565,206967090003,R02C01,Plate_50,B05,Female
171568,206967090003,R03C01,Plate_50,C05,Female
171571,206967090003,R04C01,Plate_50,D05,Male
171574,206967090003,R05C01,Plate_50,E05,Male
171577,206967090003,R06C01,Plate_50,F05,Male
171580,206967090003,R07C01,Plate_50,G05,Female
171583,206967090003,R08C01,Plate_50,H05,Female
171586,206967090017,R01C01,Plate_50,A06,Female
171589,206967090017,R02C01,Plate_50,B06,Male
171592,206967090017,R03C01,Plate_50,C06,Female
171595,206967090017,R04C01,Plate_50,D06,Female
171612,206967090017,R05C01,Plate_50,E06,Male
171615,206967090017,R06C01,Plate_50,F06,Female
171618,206967090017,R07C01,Plate_50,G06,Male
171621,206967090017,R08C01,Plate_50,H06,Female
171625,206967090018,R01C01,Plate_50,A07,Male
171628,206967090018,R02C01,Plate_50,B07,Male
171632,206967090018,R03C01,Plate_50,C07,Male
171635,206967090018,R04C01,Plate_50,D07,Male
171638,206967090018,R05C01,Plate_50,E07,Male
171641,206967090018,R06C01,Plate_50,F07,Female
171644,206967090018,R07C01,Plate_50,G07,Male
171647,206967090018,R08C01,Plate_50,H07,Male
171650,206967090056,R01C01,Plate_50,A08,Female
171653,206967090056,R02C01,Plate_50,B08,Female
171656,206967090056,R03C01,Plate_50,C08,Male
171666,206967090056,R04C01,Plate_50,D08,Male
171669,206967090056,R05C01,Plate_50,E08,Female
171675,206967090056,R06C01,Plate_50,F08,Female
171678,206967090056,R07C01,Plate_50,G08,Male
171681,206967090056,R08C01,Plate_50,H08,Female
171684,206967090061,R01C01,Plate_50,A09,Male
8007247,206967090061,R02C01,Plate_50,B09,Female
8007270,206967090061,R03C01,Plate_50,C09,Male
8007304,206967090061,R04C01,Plate_50,D09,Female
171696,206967090061,R05C01,Plate_50,E09,Female
171699,206967090061,R06C01,Plate_50,F09,Female
171702,206967090061,R07C01,Plate_50,G09,Male
8006439,206967090061,R08C01,Plate_50,H09,Female
171708,206967090063,R01C01,Plate_50,A10,Male
171711,206967090063,R02C01,Plate_50,B10,Male
171715,206967090063,R03C01,Plate_50,C10,Male
171718,206967090063,R04C01,Plate_50,D10,Female
171721,206967090063,R05C01,Plate_50,E10,Male
171724,206967090063,R06C01,Plate_50,F10,Male
171727,206967090063,R07C01,Plate_50,G10,Male
171730,206967090063,R08C01,Plate_50,H10,Female
171733,206967090065,R01C01,Plate_50,A11,Male
171736,206967090065,R02C01,Plate_50,B11,Male
171739,206967090065,R03C01,Plate_50,C11,Male
171742,206967090065,R04C01,Plate_50,D11,Female
171745,206967090065,R05C01,Plate_50,E11,Female
171748,206967090065,R06C01,Plate_50,F11,Female
171760,206967090065,R07C01,Plate_50,G11,Male
171763,206967090065,R08C01,Plate_50,H11,Male
171766,206967090105,R01C01,Plate_50,A12,Male
171769,206967090105,R02C01,Plate_50,B12,Female
171772,206967090105,R03C01,Plate_50,C12,Male
171775,206967090105,R04C01,Plate_50,D12,Female
171778,206967090105,R05C01,Plate_50,E12,Female
171781,206967090105,R06C01,Plate_50,F12,Female
171784,206967090105,R07C01,Plate_50,G12,Male
171787,206967090105,R08C01,Plate_50,H12,Male
171790,206972320004,R01C01,Plate_51,A01,Female
171793,206972320004,R02C01,Plate_51,B01,Male
171796,206972320004,R03C01,Plate_51,C01,Male
171799,206972320004,R04C01,Plate_51,D01,Male
171802,206972320004,R05C01,Plate_51,E01,Male
171805,206972320004,R06C01,Plate_51,F01,Male
171808,206972320004,R07C01,Plate_51,G01,Female
171811,206972320004,R08C01,Plate_51,H01,Male
171814,206972320024,R01C01,Plate_51,A02,Male
171817,206972320024,R02C01,Plate_51,B02,Male
171820,206972320024,R03C01,Plate_51,C02,Male
171823,206972320024,R04C01,Plate_51,D02,Male
171826,206972320024,R05C01,Plate_51,E02,Male
171829,206972320024,R06C01,Plate_51,F02,Male
171833,206972320024,R07C01,Plate_51,G02,Male
171836,206972320024,R08C01,Plate_51,H02,Female
171839,206972320025,R01C01,Plate_51,A03,Male
171842,206972320025,R02C01,Plate_51,B03,Female
171845,206972320025,R03C01,Plate_51,C03,Male
171848,206972320025,R04C01,Plate_51,D03,Male
171851,206972320025,R05C01,Plate_51,E03,Female
171854,206972320025,R06C01,Plate_51,F03,Male
171857,206972320025,R07C01,Plate_51,G03,Female
171860,206972320025,R08C01,Plate_51,H03,Female
171863,206972320026,R01C01,Plate_51,A04,Female
171866,206972320026,R02C01,Plate_51,B04,Male
171869,206972320026,R03C01,Plate_51,C04,Male
171872,206972320026,R04C01,Plate_51,D04,Male
171875,206972320026,R05C01,Plate_51,E04,Female
171878,206972320026,R06C01,Plate_51,F04,Male
171881,206972320026,R07C01,Plate_51,G04,Male
171884,206972320026,R08C01,Plate_51,H04,Male
171887,206972320027,R01C01,Plate_51,A05,Male
171890,206972320027,R02C01,Plate_51,B05,Male
171893,206972320027,R03C01,Plate_51,C05,Male
171896,206972320027,R04C01,Plate_51,D05,Male
171899,206972320027,R05C01,Plate_51,E05,Female
171902,206972320027,R06C01,Plate_51,F05,Female
171905,206972320027,R07C01,Plate_51,G05,Male
171914,206972320027,R08C01,Plate_51,H05,Female
171917,206972320056,R01C01,Plate_51,A06,Female
171920,206972320056,R02C01,Plate_51,B06,Female
171923,206972320056,R03C01,Plate_51,C06,Male
171926,206972320056,R04C01,Plate_51,D06,Male
171929,206972320056,R05C01,Plate_51,E06,Male
171932,206972320056,R06C01,Plate_51,F06,Male
171935,206972320056,R07C01,Plate_51,G06,Male
171939,206972320056,R08C01,Plate_51,H06,Male
171942,206972320098,R01C01,Plate_51,A07,Male
171952,206972320098,R02C01,Plate_51,B07,Female
171955,206972320098,R03C01,Plate_51,C07,Female
171958,206972320098,R04C01,Plate_51,D07,Female
171961,206972320098,R05C01,Plate_51,E07,Male
171964,206972320098,R06C01,Plate_51,F07,Female
171967,206972320098,R07C01,Plate_51,G07,Male
171970,206972320098,R08C01,Plate_51,H07,Male
171973,206972320105,R01C01,Plate_51,A08,Male
171976,206972320105,R02C01,Plate_51,B08,Female
171979,206972320105,R03C01,Plate_51,C08,Male
171982,206972320105,R04C01,Plate_51,D08,Male
171985,206972320105,R05C01,Plate_51,E08,Female
171988,206972320105,R06C01,Plate_51,F08,Male
171991,206972320105,R07C01,Plate_51,G08,Male
171994,206972320105,R08C01,Plate_51,H08,Female
171997,206966370004,R01C01,Plate_51,A09,Male
172000,206966370004,R02C01,Plate_51,B09,Female
172003,206966370004,R03C01,Plate_51,C09,Female
172006,206966370004,R04C01,Plate_51,D09,Male
172009,206966370004,R05C01,Plate_51,E09,Female
172012,206966370004,R06C01,Plate_51,F09,Male
172015,206966370004,R07C01,Plate_51,G09,Female
172020,206966370004,R08C01,Plate_51,H09,Female
172023,206966370014,R01C01,Plate_51,A10,Male
172026,206966370014,R02C01,Plate_51,B10,Male
172029,206966370014,R03C01,Plate_51,C10,Male
172032,206966370014,R04C01,Plate_51,D10,Male
172035,206966370014,R05C01,Plate_51,E10,Female
172038,206966370014,R06C01,Plate_51,F10,Male
172041,206966370014,R07C01,Plate_51,G10,Male
172054,206966370014,R08C01,Plate_51,H10,Male
172057,206966370015,R01C01,Plate_51,A11,Female
172060,206966370015,R02C01,Plate_51,B11,Male
172063,206966370015,R03C01,Plate_51,C11,Female
172066,206966370015,R04C01,Plate_51,D11,Male
172069,206966370015,R05C01,Plate_51,E11,Female
172072,206966370015,R06C01,Plate_51,F11,Male
172084,206966370015,R07C01,Plate_51,G11,Female
172087,206966370015,R08C01,Plate_51,H11,Female
172090,206966370028,R01C01,Plate_51,A12,Female
172093,206966370028,R02C01,Plate_51,B12,Female
172096,206966370028,R03C01,Plate_51,C12,Male
172099,206966370028,R04C01,Plate_51,D12,Female
172102,206966370028,R05C01,Plate_51,E12,Male
172105,206966370028,R06C01,Plate_51,F12,Male
172108,206966370028,R07C01,Plate_51,G12,Male
172111,206966370028,R08C01,Plate_51,H12,Male
172114,206966370057,R01C01,Plate_52,A01,Female
172119,206966370057,R02C01,Plate_52,B01,Male
172122,206966370057,R03C01,Plate_52,C01,Male
172125,206966370057,R04C01,Plate_52,D01,Female
172128,206966370057,R05C01,Plate_52,E01,Female
172131,206966370057,R06C01,Plate_52,F01,Male
172134,206966370057,R07C01,Plate_52,G01,Male
172137,206966370057,R08C01,Plate_52,H01,Male
172140,206966370068,R01C01,Plate_52,A02,Female
172143,206966370068,R02C01,Plate_52,B02,Male
172146,206966370068,R03C01,Plate_52,C02,Female
172162,206966370068,R04C01,Plate_52,D02,Male
172167,206966370068,R05C01,Plate_52,E02,Female
172170,206966370068,R06C01,Plate_52,F02,Male
172173,206966370068,R07C01,Plate_52,G02,Male
172176,206966370068,R08C01,Plate_52,H02,Female
172179,206966370079,R01C01,Plate_52,A03,Female
172182,206966370079,R02C01,Plate_52,B03,Male
172185,206966370079,R03C01,Plate_52,C03,Female
172188,206966370079,R04C01,Plate_52,D03,Female
172191,206966370079,R05C01,Plate_52,E03,Male
172194,206966370079,R06C01,Plate_52,F03,Female
172197,206966370079,R07C01,Plate_52,G03,Male
172202,206966370079,R08C01,Plate_52,H03,Male
172208,206966370093,R01C01,Plate_52,A04,Female
172211,206966370093,R02C01,Plate_52,B04,Male
172214,206966370093,R03C01,Plate_52,C04,Male
172221,206966370093,R04C01,Plate_52,D04,Male
172226,206966370093,R05C01,Plate_52,E04,Female
172229,206966370093,R06C01,Plate_52,F04,Male
172232,206966370093,R07C01,Plate_52,G04,Male
172235,206966370093,R08C01,Plate_52,H04,Male
172238,206959430035,R01C01,Plate_52,A05,Female
172241,206959430035,R02C01,Plate_52,B05,Male
172244,206959430035,R03C01,Plate_52,C05,Male
172247,206959430035,R04C01,Plate_52,D05,Female
172250,206959430035,R05C01,Plate_52,E05,Female
172253,206959430035,R06C01,Plate_52,F05,Male
172256,206959430035,R07C01,Plate_52,G05,Male
172259,206959430035,R08C01,Plate_52,H05,Male
172262,206959430061,R01C01,Plate_52,A06,Male
172264,206959430061,R02C01,Plate_52,B06,Male
172265,206959430061,R03C01,Plate_52,C06,Male
172269,206959430061,R04C01,Plate_52,D06,Male
172272,206959430061,R05C01,Plate_52,E06,Male
172275,206959430061,R06C01,Plate_52,F06,Male
172278,206959430061,R07C01,Plate_52,G06,Male
172281,206959430061,R08C01,Plate_52,H06,Male
172284,206959430062,R01C01,Plate_52,A07,Male
172287,206959430062,R02C01,Plate_52,B07,Male
172290,206959430062,R03C01,Plate_52,C07,Female
172293,206959430062,R04C01,Plate_52,D07,Female
172296,206959430062,R05C01,Plate_52,E07,Female
172299,206959430062,R06C01,Plate_52,F07,Male
172302,206959430062,R07C01,Plate_52,G07,Female
172305,206959430062,R08C01,Plate_52,H07,Male
172308,206959430069,R01C01,Plate_52,A08,Female
172311,206959430069,R02C01,Plate_52,B08,Male
172314,206959430069,R03C01,Plate_52,C08,Male
172317,206959430069,R04C01,Plate_52,D08,Female
172324,206959430069,R05C01,Plate_52,E08,Male
172327,206959430069,R06C01,Plate_52,F08,Male
172330,206959430069,R07C01,Plate_52,G08,Male
172333,206959430069,R08C01,Plate_52,H08,Male
172336,206959430070,R01C01,Plate_52,A09,Female
172339,206959430070,R02C01,Plate_52,B09,Female
172342,206959430070,R03C01,Plate_52,C09,Male
172345,206959430070,R04C01,Plate_52,D09,Male
172349,206959430070,R05C01,Plate_52,E09,Male
172352,206959430070,R06C01,Plate_52,F09,Male
172355,206959430070,R07C01,Plate_52,G09,Female
172358,206959430070,R08C01,Plate_52,H09,Male
172361,206959430071,R01C01,Plate_52,A10,Male
172364,206959430071,R02C01,Plate_52,B10,Female
172367,206959430071,R03C01,Plate_52,C10,Male
172370,206959430071,R04C01,Plate_52,D10,Male
172373,206959430071,R05C01,Plate_52,E10,Male
172376,206959430071,R06C01,Plate_52,F10,Male
172379,206959430071,R07C01,Plate_52,G10,Female
172386,206959430071,R08C01,Plate_52,H10,Male
172389,206967080096,R01C01,Plate_52,A11,Male
172392,206967080096,R02C01,Plate_52,B11,Male
172395,206967080096,R03C01,Plate_52,C11,Male
172398,206967080096,R04C01,Plate_52,D11,Female
172401,206967080096,R05C01,Plate_52,E11,Male
172404,206967080096,R06C01,Plate_52,F11,Female
172408,206967080096,R07C01,Plate_52,G11,Male
172411,206967080096,R08C01,Plate_52,H11,Female
172414,206967080101,R01C01,Plate_52,A12,Female
172417,206967080101,R02C01,Plate_52,B12,Male
172420,206967080101,R03C01,Plate_52,C12,Female
172423,206967080101,R04C01,Plate_52,D12,Female
172426,206967080101,R05C01,Plate_52,E12,Male
172429,206967080101,R06C01,Plate_52,F12,Male
172432,206967080101,R07C01,Plate_52,G12,Male
172438,206967080101,R08C01,Plate_52,H12,Male
172441,206967080014,R01C01,Plate_53,A01,Male
172444,206967080014,R02C01,Plate_53,B01,Female
172447,206967080014,R03C01,Plate_53,C01,Male
172450,206967080014,R04C01,Plate_53,D01,Female
172453,206967080014,R05C01,Plate_53,E01,Female
172456,206967080014,R06C01,Plate_53,F01,Male
172459,206967080014,R07C01,Plate_53,G01,Male
172462,206967080014,R08C01,Plate_53,H01,Female
172471,206967080036,R01C01,Plate_53,A02,Male
172474,206967080036,R02C01,Plate_53,B02,Male
172477,206967080036,R03C01,Plate_53,C02,Female
172480,206967080036,R04C01,Plate_53,D02,Female
172488,206967080036,R05C01,Plate_53,E02,Female
172491,206967080036,R06C01,Plate_53,F02,Male
172494,206967080036,R07C01,Plate_53,G02,Male
172497,206967080036,R08C01,Plate_53,H02,Male
172500,206967080051,R01C01,Plate_53,A03,Female
172503,206967080051,R02C01,Plate_53,B03,Female
172506,206967080051,R03C01,Plate_53,C03,Female
172509,206967080051,R04C01,Plate_53,D03,Female
172514,206967080051,R05C01,Plate_53,E03,Male
172517,206967080051,R06C01,Plate_53,F03,Male
7879323,206967080051,R07C01,Plate_53,G03,Female
7879356,206967080051,R08C01,Plate_53,H03,Male
7879380,206967080053,R01C01,Plate_53,A04,Female
7879414,206967080053,R02C01,Plate_53,B04,Female
7879448,206967080053,R03C01,Plate_53,C04,Male
7880669,206967080053,R04C01,Plate_53,D04,Male
7880693,206967080053,R05C01,Plate_53,E04,Male
7882467,206967080053,R06C01,Plate_53,F04,Male
7882491,206967080053,R07C01,Plate_53,G04,Female
7882970,206967080053,R08C01,Plate_53,H04,Male
7882996,206967080054,R01C01,Plate_53,A05,Male
7883028,206967080054,R02C01,Plate_53,B05,Female
7883051,206967080054,R03C01,Plate_53,C05,Male
7873714,206967080054,R04C01,Plate_53,D05,Male
7873748,206967080054,R05C01,Plate_53,E05,Female
7873771,206967080054,R06C01,Plate_53,F05,Male
7873805,206967080054,R07C01,Plate_53,G05,Male
7873839,206967080054,R08C01,Plate_53,H05,Male
7879471,206967080063,R01C01,Plate_53,A06,Male
7879505,206967080063,R02C01,Plate_53,B06,Male
7879539,206967080063,R03C01,Plate_53,C06,Male
7879562,206967080063,R04C01,Plate_53,D06,Male
7879729,206967080063,R05C01,Plate_53,E06,Female
7879752,206967080063,R06C01,Plate_53,F06,Male
7879786,206967080063,R07C01,Plate_53,G06,Male
7879810,206967080063,R08C01,Plate_53,H06,Female
7879844,206967080064,R01C01,Plate_53,A07,Male
7879877,206967080064,R02C01,Plate_53,B07,Male
7879901,206967080064,R03C01,Plate_53,C07,Female
7882541,206967080064,R04C01,Plate_53,D07,Male
7882574,206967080064,R05C01,Plate_53,E07,Female
7882608,206967080064,R06C01,Plate_53,F07,Male
7882632,206967080064,R07C01,Plate_53,G07,Male
7882665,206967080064,R08C01,Plate_53,H07,Male
7882699,206967080089,R01C01,Plate_53,A08,Male
7882723,206967080089,R02C01,Plate_53,B08,Female
7889025,206967080089,R03C01,Plate_53,C08,Female
7889058,206967080089,R04C01,Plate_53,D08,Male
7889082,206967080089,R05C01,Plate_53,E08,Male
7889116,206967080089,R06C01,Plate_53,F08,Female
7889231,206967080089,R07C01,Plate_53,G08,Male
7889264,206967080089,R08C01,Plate_53,H08,Female
7889298,206966360006,R01C01,Plate_53,A09,Male
7892839,206966360006,R02C01,Plate_53,B09,Male
7892862,206966360006,R03C01,Plate_53,C09,Female
7892896,206966360006,R04C01,Plate_53,D09,Male
7892920,206966360006,R05C01,Plate_53,E09,Male
7892953,206966360006,R06C01,Plate_53,F09,Female
7893316,206966360006,R07C01,Plate_53,G09,Female
7893340,206966360006,R08C01,Plate_53,H09,Female
7893373,206966360019,R01C01,Plate_53,A10,Male
7893407,206966360019,R02C01,Plate_53,B10,Male
7893431,206966360019,R03C01,Plate_53,C10,Male
7893464,206966360019,R04C01,Plate_53,D10,Female
7893498,206966360019,R05C01,Plate_53,E10,Female
7893522,206966360019,R06C01,Plate_53,F10,Male
7927908,206966360019,R07C01,Plate_53,G10,Male
7927932,206966360019,R08C01,Plate_53,H10,Female
7928591,206966360021,R01C01,Plate_53,A11,Male
7928625,206966360021,R02C01,Plate_53,B11,Female
7928658,206966360021,R03C01,Plate_53,C11,Male
7928831,206966360021,R04C01,Plate_53,D11,Male
7928864,206966360021,R05C01,Plate_53,E11,Male
7889173,206966360021,R06C01,Plate_53,F11,Female
7889207,206966360021,R07C01,Plate_53,G11,Male
7892599,206966360021,R08C01,Plate_53,H11,Male
7892623,206966360087,R01C01,Plate_53,A12,Female
7926678,206966360087,R02C01,Plate_53,B12,Male
7926702,206966360087,R03C01,Plate_53,C12,Male
7926736,206966360087,R04C01,Plate_53,D12,Male
7926769,206966360087,R05C01,Plate_53,E12,Male
7927973,206966360087,R06C01,Plate_53,F12,Male
7928005,206966360087,R07C01,Plate_53,G12,Male
7928682,206966360087,R08C01,Plate_53,H12,Male
7892698,206966360091,R01C01,Plate_54,A01,Male
7892730,206966360091,R02C01,Plate_54,B01,Female
7892771,206966360091,R03C01,Plate_54,C01,Male
7892813,206966360091,R04C01,Plate_54,D01,Male
7893076,206966360091,R05C01,Plate_54,E01,Male
7893118,206966360091,R06C01,Plate_54,F01,Female
7893142,206966360091,R07C01,Plate_54,G01,Male
7893175,206966360091,R08C01,Plate_54,H01,Female
7928039,206966360092,R01C01,Plate_54,A02,Male
7928062,206966360092,R02C01,Plate_54,B02,Male
7928716,206966360092,R03C01,Plate_54,C02,Female
7928757,206966360092,R04C01,Plate_54,D02,Male
7893241,206966360092,R05C01,Plate_54,E02,Female
7893282,206966360092,R06C01,Plate_54,F02,Female
7919715,206966360092,R07C01,Plate_54,G02,Male
7926918,206966360092,R08C01,Plate_54,H02,Male
7926942,206966360093,R01C01,Plate_54,A03,Male
7928799,206966360093,R02C01,Plate_54,B03,Male
7929318,206966360093,R03C01,Plate_54,C03,Female
7929342,206966360093,R04C01,Plate_54,D03,Male
7929375,206966360093,R05C01,Plate_54,E03,Male
7929409,206966360093,R06C01,Plate_54,F03,Male
7931496,206966360093,R07C01,Plate_54,G03,Male
7931520,206966360093,R08C01,Plate_54,H03,Male
7931561,206966360109,R01C01,Plate_54,A04,Female
7931595,206966360109,R02C01,Plate_54,B04,Female
7931629,206966360109,R03C01,Plate_54,C04,Female
7931652,206966360109,R04C01,Plate_54,D04,Male
7938921,206966360109,R05C01,Plate_54,E04,Male
7938970,206966360109,R06C01,Plate_54,F04,Male
7939002,206966360109,R07C01,Plate_54,G04,Male
7926793,206966360109,R08C01,Plate_54,H04,Male
7926827,206966360002,R01C01,Plate_54,A05,Male
7926850,206966360002,R02C01,Plate_54,B05,Male
7926884,206966360002,R03C01,Plate_54,C05,Male
7926975,206966360002,R04C01,Plate_54,D05,Male
7927007,206966360002,R05C01,Plate_54,E05,Male
7927049,206966360002,R06C01,Plate_54,F05,Female
7931827,206966360002,R07C01,Plate_54,G05,Female
7931850,206966360002,R08C01,Plate_54,H05,Male
7931884,206966360003,R01C01,Plate_54,A06,Female
7931918,206966360003,R02C01,Plate_54,B06,Male
7934367,206966360003,R03C01,Plate_54,C06,Male
7934391,206966360003,R04C01,Plate_54,D06,Male
7934425,206966360003,R05C01,Plate_54,E06,Female
7938681,206966360003,R06C01,Plate_54,F06,Female
7938715,206966360003,R07C01,Plate_54,G06,Male
7939036,206966360003,R08C01,Plate_54,H06,Male
7939069,206966360004,R01C01,Plate_54,A07,Male
7939093,206966360004,R02C01,Plate_54,B07,Female
7939127,206966360004,R03C01,Plate_54,C07,Female
7927163,206966360004,R04C01,Plate_54,D07,Male
7927239,206966360004,R05C01,Plate_54,E07,Male
7927197,206966360004,R06C01,Plate_54,F07,Male
7927262,206966360004,R07C01,Plate_54,G07,Female
7927304,206966360004,R08C01,Plate_54,H07,Male
7931728,206966360008,R01C01,Plate_54,A08,Male
7931751,206966360008,R02C01,Plate_54,B08,Female
7931785,206966360008,R03C01,Plate_54,C08,Female
7931967,206966360008,R04C01,Plate_54,D08,Female
7932007,206966360008,R05C01,Plate_54,E08,Male
7932023,206966360008,R06C01,Plate_54,F08,Male
7936289,206966360008,R07C01,Plate_54,G08,Male
7936313,206966360008,R08C01,Plate_54,H08,Male
7936347,206966360013,R01C01,Plate_54,A09,Male
7936370,206966360013,R02C01,Plate_54,B09,Male
7936404,206966360013,R03C01,Plate_54,C09,Male
7938749,206966360013,R04C01,Plate_54,D09,Male
7938772,206966360013,R05C01,Plate_54,E09,Male
7938822,206966360013,R06C01,Plate_54,F09,Female
7938855,206966360013,R07C01,Plate_54,G09,Male
7927635,206966360013,R08C01,Plate_54,H09,Male
7927668,206966360014,R01C01,Plate_54,A10,Male
7927700,206966360014,R02C01,Plate_54,B10,Male
7927767,206966360014,R03C01,Plate_54,C10,Male
7932262,206966360014,R04C01,Plate_54,D10,Female
7932296,206966360014,R05C01,Plate_54,E10,Male
7932379,206966360014,R06C01,Plate_54,F10,Male
7927395,206966360014,R07C01,Plate_54,G10,Male
7927429,206966360014,R08C01,Plate_54,H10,Male
7927452,206966360023,R01C01,Plate_54,A11,Male
7927494,206966360023,R02C01,Plate_54,B11,Male
7927528,206966360023,R03C01,Plate_54,C11,Male
7932056,206966360023,R04C01,Plate_54,D11,Male
7932080,206966360023,R05C01,Plate_54,E11,Male
7932148,206966360023,R06C01,Plate_54,F11,Male
7932189,206966360023,R07C01,Plate_54,G11,Female
7932205,206966360023,R08C01,Plate_54,H11,Male
7934490,206966360025,R01C01,Plate_54,A12,Male
7934524,206966360025,R02C01,Plate_54,B12,Male
7934557,206966360025,R03C01,Plate_54,C12,Male
7934581,206966360025,R04C01,Plate_54,D12,Female
7934615,206966360025,R05C01,Plate_54,E12,Male
7938459,206966360025,R06C01,Plate_54,F12,Male
7938889,206966360025,R07C01,Plate_54,G12,Male
7929433,206966360025,R08C01,Plate_54,H12,Male
7929557,206972330007,R01C01,Plate_55,A01,Male
7929581,206972330007,R02C01,Plate_55,B01,Male
7929623,206972330007,R03C01,Plate_55,C01,Female
7929656,206972330007,R04C01,Plate_55,D01,Female
7929698,206972330007,R05C01,Plate_55,E01,Male
7929722,206972330007,R06C01,Plate_55,F01,Male
7932437,206972330007,R07C01,Plate_55,G01,Male
7932460,206972330007,R08C01,Plate_55,H01,Female
7932494,20672330028,R01C01,Plate_55,A02,Male
7932536,20672330028,R02C01,Plate_55,B02,Male
7932577,20672330028,R03C01,Plate_55,C02,Female
7936529,20672330028,R04C01,Plate_55,D02,Male
7938533,20672330028,R05C01,Plate_55,E02,Female
7938566,20672330028,R06C01,Plate_55,F02,Female
7873862,20672330028,R07C01,Plate_55,G02,Female
7873896,20672330028,R08C01,Plate_55,H02,Male
7928898,206972330045,R01C01,Plate_55,A03,Female
7928922,206972330045,R02C01,Plate_55,B03,Female
7928955,206972330045,R03C01,Plate_55,C03,Male
7929458,206972330045,R04C01,Plate_55,D03,Male
7932619,206972330045,R05C01,Plate_55,E03,Male
7932643,206972330045,R06C01,Plate_55,F03,Male
7932684,206972330045,R07C01,Plate_55,G03,Male
7932726,206972330045,R08C01,Plate_55,H03,Male
7934649,206972330057,R01C01,Plate_55,A04,Male
7934680,206972330057,R02C01,Plate_55,B04,Male
7940117,206972330057,R03C01,Plate_55,C04,Male
7919756,206972330057,R04C01,Plate_55,D04,Female
7919780,206972330057,R05C01,Plate_55,E04,Female
7928989,206972330057,R06C01,Plate_55,F04,Male
7929011,206972330057,R07C01,Plate_55,G04,Male
7929078,206972330057,R08C01,Plate_55,H04,Female
7936701,206972330058,R01C01,Plate_55,A05,Female
7936735,206972330058,R02C01,Plate_55,B05,Male
7938590,206972330058,R03C01,Plate_55,C05,Male
7880388,206972330058,R04C01,Plate_55,D05,Male
7883085,206972330058,R05C01,Plate_55,E05,Male
7883127,206972330058,R06C01,Plate_55,F05,Female
7883168,206972330058,R07C01,Plate_55,G05,Male
7883200,206972330058,R08C01,Plate_55,H05,Male
7934722,206972330059,R01C01,Plate_55,A06,Female
7934755,206972330059,R02C01,Plate_55,B06,Male
7934805,206972330059,R03C01,Plate_55,C06,Male
7938202,206972330059,R04C01,Plate_55,D06,Female
7938236,206972330059,R05C01,Plate_55,E06,Male
7938269,206972330059,R06C01,Plate_55,F06,Male
7938624,206972330059,R07C01,Plate_55,G06,Male
7939408,206972330059,R08C01,Plate_55,H06,Female
7931249,206972330060,R01C01,Plate_55,A07,Female
7931280,206972330060,R02C01,Plate_55,B07,Male
7931314,206972330060,R03C01,Plate_55,C07,Female
7931348,206972330060,R04C01,Plate_55,D07,Male
7931389,206972330060,R05C01,Plate_55,E07,Female
7931421,206972330060,R06C01,Plate_55,F07,Male
7932791,206972330060,R07C01,Plate_55,G07,Female
7932825,206972330060,R08C01,Plate_55,H07,Male
7932858,20972330070,R01C01,Plate_55,A08,Male
7932882,20972330070,R02C01,Plate_55,B08,Female
7932916,20972330070,R03C01,Plate_55,C08,Male
7932940,20972330070,R04C01,Plate_55,D08,Male
7932973,20972330070,R05C01,Plate_55,E08,Male
7933005,20972330070,R06C01,Plate_55,F08,Male
7934854,20972330070,R07C01,Plate_55,G08,Male
7934888,20972330070,R08C01,Plate_55,H08,Male
7934912,206967080010,R01C01,Plate_55,A09,Male
7934946,206967080010,R02C01,Plate_55,B09,Female
7934987,206967080010,R03C01,Plate_55,C09,Male
7935018,206967080010,R04C01,Plate_55,D09,Female
7938301,206967080010,R05C01,Plate_55,E09,Male
7938335,206967080010,R06C01,Plate_55,F09,Male
7938368,206967080010,R07C01,Plate_55,G09,Female
7938392,206967080010,R08C01,Plate_55,H09,Male
7938426,206967080017,R01C01,Plate_55,A10,Male
7880727,206967080017,R02C01,Plate_55,B10,Female
7928112,206967080017,R03C01,Plate_55,C10,Male
7930043,206967080017,R04C01,Plate_55,D10,Male
7930084,206967080017,R05C01,Plate_55,E10,Male
7930126,206967080017,R06C01,Plate_55,F10,Male
7930167,206967080017,R07C01,Plate_55,G10,Male
7936552,206967080017,R08C01,Plate_55,H10,Male
7880750,206967080018,R01C01,Plate_55,A11,Female
7880784,206967080018,R02C01,Plate_55,B11,Male
7880818,206967080018,R03C01,Plate_55,C11,Male
7928146,206967080018,R04C01,Plate_55,D11,Male
7930191,206967080018,R05C01,Plate_55,E11,Male
7928179,206967080018,R06C01,Plate_55,F11,Male
7928351,206967080018,R07C01,Plate_55,G11,Female
7928393,206967080018,R08C01,Plate_55,H11,Male
7933062,206967080047,R01C01,Plate_55,A12,Male
7933096,206967080047,R02C01,Plate_55,B12,Male
7928203,206967080047,R03C01,Plate_55,C12,Male
7928237,206967080047,R04C01,Plate_55,D12,Male
7928260,206967080047,R05C01,Plate_55,E12,Female
7928294,206967080047,R06C01,Plate_55,F12,Female
7928427,206967080047,R07C01,Plate_55,G12,Male
7928468,206967080047,R08C01,Plate_55,H12,Male
7928500,206967080067,R01C01,Plate_56,A01,Male
7928542,206967080067,R02C01,Plate_56,B01,Male
7931009,206967080067,R03C01,Plate_56,C01,Female
7931041,206967080067,R04C01,Plate_56,D01,Male
7933120,206967080067,R05C01,Plate_56,E01,Female
7933161,206967080067,R06C01,Plate_56,F01,Female
7933203,206967080067,R07C01,Plate_56,G01,Male
7933245,206967080067,R08C01,Plate_56,H01,Female
7933278,206967080069,R01C01,Plate_56,A02,Male
7933310,206967080069,R02C01,Plate_56,B02,Male
7935059,206967080069,R03C01,Plate_56,C02,Female
7935224,206967080069,R04C01,Plate_56,D02,Female
7935299,206967080069,R05C01,Plate_56,E02,Male
7880412,206967080069,R06C01,Plate_56,F02,Male
7880446,206967080069,R07C01,Plate_56,G02,Male
7880479,206967080069,R08C01,Plate_56,H02,Male
7880511,206967090071,R01C01,Plate_56,A03,Male
7889322,206967090071,R02C01,Plate_56,B03,Male
7889371,206967090071,R03C01,Plate_56,C03,Male
7889421,206967090071,R04C01,Plate_56,D03,Female
7892110,206967090071,R05C01,Plate_56,E03,Female
7892144,206967090071,R06C01,Plate_56,F03,Male
7892177,206967090071,R07C01,Plate_56,G03,Female
7892201,206967090071,R08C01,Plate_56,H03,Male
7928328,206967090072,R01C01,Plate_56,A04,Female
7929102,206967090072,R02C01,Plate_56,B04,Male
7929136,206967090072,R03C01,Plate_56,C04,Male
7933385,206967090072,R04C01,Plate_56,D04,Male
7933419,206967090072,R05C01,Plate_56,E04,Male
7933450,206967090072,R06C01,Plate_56,F04,Male
7933492,206967090072,R07C01,Plate_56,G04,Male
7933534,206967090072,R08C01,Plate_56,H04,Male
7935158,206967080023,R01C01,Plate_56,A05,Male
7935182,206967080023,R02C01,Plate_56,B05,Female
7935257,206967080023,R03C01,Plate_56,C05,Male
7935471,206967080023,R04C01,Plate_56,D05,Male
7935505,206967080023,R05C01,Plate_56,E05,Male
7935539,206967080023,R06C01,Plate_56,F05,Male
7940158,206967080023,R07C01,Plate_56,G05,Male
7940182,206967080023,R08C01,Plate_56,H05,Female
7931116,206967080024,R01C01,Plate_56,A06,Male
7933591,206967080024,R02C01,Plate_56,B06,Male
7933633,206967080024,R03C01,Plate_56,C06,Female
7933690,206967080024,R04C01,Plate_56,D06,Female
7892235,206967080024,R05C01,Plate_56,E06,Female
7892268,206967080024,R06C01,Plate_56,F06,Female
7930282,206967080024,R07C01,Plate_56,G06,Male
7930324,206967080024,R08C01,Plate_56,H06,Female
7930357,206967080079,R01C01,Plate_56,A07,Male
7933724,206967080079,R02C01,Plate_56,B07,Male
7933765,206967080079,R03C01,Plate_56,C07,Female
7939432,206967080079,R04C01,Plate_56,D07,Female
7939465,206967080079,R05C01,Plate_56,E07,Female
7892359,206967080079,R06C01,Plate_56,F07,Male
7892383,206967080079,R07C01,Plate_56,G07,Male
7930522,206967080079,R08C01,Plate_56,H07,Female
7930555,206967080081,R01C01,Plate_56,A08,Male
7930589,206967080081,R02C01,Plate_56,B08,Female
7933807,206967080081,R03C01,Plate_56,C08,Male
7933831,206967080081,R04C01,Plate_56,D08,Male
7935091,206967080081,R05C01,Plate_56,E08,Female
7935125,206967080081,R06C01,Plate_56,F08,Male
7935448,206967080081,R07C01,Plate_56,G08,Male
7892417,206967080081,R08C01,Plate_56,H08,Male
7930613,206967080082,R01C01,Plate_56,A09,Female
7930647,206967080082,R02C01,Plate_56,B09,Male
7933864,206967080082,R03C01,Plate_56,C09,Male
7933898,206967080082,R04C01,Plate_56,D09,Male
7933922,206967080082,R05C01,Plate_56,E09,Male
7939499,206967080082,R06C01,Plate_56,F09,Male
7939523,206967080082,R07C01,Plate_56,G09,Male
7939556,206967080082,R08C01,Plate_56,H09,Male
7940216,206967080084,R01C01,Plate_56,A10,Female
7892441,206967080084,R02C01,Plate_56,B10,Female
7892474,206967080084,R03C01,Plate_56,C10,Female
7892508,206967080084,R04C01,Plate_56,D10,Female
7892532,206967080084,R05C01,Plate_56,E10,Male
7892565,206967080084,R06C01,Plate_56,F10,Female
7929169,206967080084,R07C01,Plate_56,G10,Male
7929193,206967080084,R08C01,Plate_56,H10,Male
7929227,206967080110,R01C01,Plate_56,A11,Male
7929250,206967080110,R02C01,Plate_56,B11,Male
7929797,206967080110,R03C01,Plate_56,C11,Male
7929821,206967080110,R04C01,Plate_56,D11,Male
7929854,206967080110,R05C01,Plate_56,E11,Male
7929888,206967080110,R06C01,Plate_56,F11,Male
7929912,206967080110,R07C01,Plate_56,G11,Female
7929946,206967080110,R08C01,Plate_56,H11,Male
7933989,206967080111,R01C01,Plate_56,A12,Female
7934011,206967080111,R02C01,Plate_56,B12,Female
7934045,206967080111,R03C01,Plate_56,C12,Male
7934078,206967080111,R04C01,Plate_56,D12,Female
7934102,206967080111,R05C01,Plate_56,E12,Female
7934136,206967080111,R06C01,Plate_56,F12,Male
7934169,206967080111,R07C01,Plate_56,G12,Male
7934193,206967080111,R08C01,Plate_56,H12,Male
7930688,206967080037,R01C01,Plate_57,A01,Male
7930712,206967080037,R02C01,Plate_57,B01,Male
7930761,206967080037,R03C01,Plate_57,C01,Male
7930795,206967080037,R04C01,Plate_57,D01,Female
7934227,206967080037,R05C01,Plate_57,E01,Male
7934250,206967080037,R06C01,Plate_57,F01,Female
7935414,206967080037,R07C01,Plate_57,G01,Male
7940356,206967080037,R08C01,Plate_57,H01,Male
7922834,206967080038,R01C01,Plate_57,A02,Male
7930829,206967080038,R02C01,Plate_57,B02,Male
7930852,206967080038,R03C01,Plate_57,C02,Female
7930886,206967080038,R04C01,Plate_57,D02,Male
7934284,206967080038,R05C01,Plate_57,E02,Male
7934318,206967080038,R06C01,Plate_57,F02,Male
7937972,206967080038,R07C01,Plate_57,G02,Female
7938004,206967080038,R08C01,Plate_57,H02,Male
7919814,206967080043,R01C01,Plate_57,A03,Female
7940836,206967080043,R02C01,Plate_57,B03,Male
7940869,206967080043,R03C01,Plate_57,C03,Male
7940893,206967080043,R04C01,Plate_57,D03,Male
7940927,206967080043,R05C01,Plate_57,E03,Male
7940950,206967080043,R06C01,Plate_57,F03,Male
7943475,206967080043,R07C01,Plate_57,G03,Male
7943509,206967080043,R08C01,Plate_57,H03,Male
7943533,206967080070,R01C01,Plate_57,A04,Female
7944192,206967080070,R02C01,Plate_57,B04,Male
7944226,206967080070,R03C01,Plate_57,C04,Male
7944259,206967080070,R04C01,Plate_57,D04,Male
7944283,206967080070,R05C01,Plate_57,E04,Female
7944317,206967080070,R06C01,Plate_57,F04,Female
7944911,206967080070,R07C01,Plate_57,G04,Male
7944945,206967080070,R08C01,Plate_57,H04,Male
7944978,206967080071,R01C01,Plate_57,A05,Male
7945009,206967080071,R02C01,Plate_57,B05,Male
7945033,206967080071,R03C01,Plate_57,C05,Male
7945066,206967080071,R04C01,Plate_57,D05,Male
7938046,206967080071,R05C01,Plate_57,E05,Male
7940984,206967080071,R06C01,Plate_57,F05,Male
7941016,206967080071,R07C01,Plate_57,G05,Male
7941040,206967080071,R08C01,Plate_57,H05,Male
7941073,206967080072,R01C01,Plate_57,A06,Female
7941107,206967080072,R02C01,Plate_57,B06,Female
7941131,206967080072,R03C01,Plate_57,C06,Male
7943566,206967080072,R04C01,Plate_57,D06,Male
7943590,206967080072,R05C01,Plate_57,E06,Female
7943624,206967080072,R06C01,Plate_57,F06,Female
7943657,206967080072,R07C01,Plate_57,G06,Male
7943681,206967080072,R08C01,Plate_57,H06,Female
7943715,206967080076,R01C01,Plate_57,A07,Female
7943749,206967080076,R02C01,Plate_57,B07,Male
7943988,206967080076,R03C01,Plate_57,C07,Male
7944010,206967080076,R04C01,Plate_57,D07,Male
7944044,206967080076,R05C01,Plate_57,E07,Male
7944077,206967080076,R06C01,Plate_57,F07,Female
7944101,206967080076,R07C01,Plate_57,G07,Male
7944135,206967080076,R08C01,Plate_57,H07,Male
7944168,206967080061,R01C01,Plate_57,A08,Male
7944341,206967080061,R02C01,Plate_57,B08,Female
7944374,206967080061,R03C01,Plate_57,C08,Female
7944408,206967080061,R04C01,Plate_57,D08,Male
7944432,206967080061,R05C01,Plate_57,E08,Male
7944465,206967080061,R06C01,Plate_57,F08,Male
7944499,206967080061,R07C01,Plate_57,G08,Female
7944523,206967080061,R08C01,Plate_57,H08,Female
7944556,206967090020,R01C01,Plate_57,A09,Male
7944580,206967090020,R02C01,Plate_57,B09,Male
7944614,206967090020,R03C01,Plate_57,C09,Male
7944648,206967090020,R04C01,Plate_57,D09,Male
7944671,206967090020,R05C01,Plate_57,E09,Female
7945157,206967090020,R06C01,Plate_57,F09,Male
7945181,206967090020,R07C01,Plate_57,G09,Female
7945215,206967090020,R08C01,Plate_57,H09,Male
7945249,206967090022,R01C01,Plate_57,A10,Female
7945272,206967090022,R02C01,Plate_57,B10,Male
7945306,206967090022,R03C01,Plate_57,C10,Female
7945330,206967090022,R04C01,Plate_57,D10,Male
7945363,206967090022,R05C01,Plate_57,E10,Male
7945397,206967090022,R06C01,Plate_57,F10,Male
7945421,206967090022,R07C01,Plate_57,G10,Female
7945454,206967090022,R08C01,Plate_57,H10,Male
7945488,206967090024,R01C01,Plate_57,A11,Male
7945512,206967090024,R02C01,Plate_57,B11,Female
7935356,206967090024,R03C01,Plate_57,C11,Female
7935380,206967090024,R04C01,Plate_57,D11,Female
7941164,206967090024,R05C01,Plate_57,E11,Male
7941198,206967090024,R06C01,Plate_57,F11,Male
7942519,206967090024,R07C01,Plate_57,G11,Male
7942998,206967090024,R08C01,Plate_57,H11,Male
7943020,206967090026,R01C01,Plate_57,A12,Male
7943053,206967090026,R02C01,Plate_57,B12,Female
7935323,206967090026,R03C01,Plate_57,C12,Female
7935562,206967090026,R04C01,Plate_57,D12,Female
7940240,206967090026,R05C01,Plate_57,E12,Male
7943087,206967090026,R06C01,Plate_57,F12,Male
7941222,206967090026,R07C01,Plate_57,G12,Male
7943111,206967090026,R08C01,Plate_57,H12,Male
7943145,206967090027,R01C01,Plate_58,A01,Male
7943178,206967090027,R02C01,Plate_58,B01,Male
7943202,206967090027,R03C01,Plate_58,C01,Female
7944705,206967090027,R04C01,Plate_58,D01,Male
7944739,206967090027,R05C01,Plate_58,E01,Female
7944762,206967090027,R06C01,Plate_58,F01,Male
7944796,206967090027,R07C01,Plate_58,G01,Female
7940273,206967090027,R08C01,Plate_58,H01,Male
7943236,206967090039,R01C01,Plate_58,A02,Female
7943269,206967090039,R02C01,Plate_58,B02,Male
7940307,206967090039,R03C01,Plate_58,C02,Female
7940331,206967090039,R04C01,Plate_58,D02,Female
7941255,206967090039,R05C01,Plate_58,E02,Female
7941289,206967090039,R06C01,Plate_58,F02,Male
7941313,206967090039,R07C01,Plate_58,G02,Male
7941347,206967090039,R08C01,Plate_58,H02,Male
7941370,206967080083,R01C01,Plate_58,A03,Male
7941404,206967080083,R02C01,Plate_58,B03,Male
7943293,206967080083,R03C01,Plate_58,C03,Female
7943327,206967080083,R04C01,Plate_58,D03,Male
7943350,206967080083,R05C01,Plate_58,E03,Male
7943772,206967080083,R06C01,Plate_58,F03,Male
7935620,206967080083,R07C01,Plate_58,G03,Female
7935653,206967080083,R08C01,Plate_58,H03,Male
7939648,206967080105,R01C01,Plate_58,A04,Male
7939671,206967080105,R02C01,Plate_58,B04,Male
7939705,206967080105,R03C01,Plate_58,C04,Male
7943384,206967080105,R04C01,Plate_58,D04,Male
7943806,206967080105,R05C01,Plate_58,E04,Male
7943830,206967080105,R06C01,Plate_58,F04,Male
7935687,206967080105,R07C01,Plate_58,G04,Male
7935711,206967080105,R08C01,Plate_58,H04,Female
7935745,206967090012,R01C01,Plate_58,A05,Male
7939739,206967090012,R02C01,Plate_58,B05,Male
7939762,206967090012,R03C01,Plate_58,C05,Male
7942279,206967090012,R04C01,Plate_58,D05,Male
7943863,206967090012,R05C01,Plate_58,E05,Male
7943897,206967090012,R06C01,Plate_58,F05,Male
7935778,206967090012,R07C01,Plate_58,G05,Male
7935802,206967090012,R08C01,Plate_58,H05,Female
7936040,206967090030,R01C01,Plate_58,A06,Male
7939796,206967090030,R02C01,Plate_58,B06,Male
7939820,206967090030,R03C01,Plate_58,C06,Male
7939853,206967090030,R04C01,Plate_58,D06,Male
7942303,206967090030,R05C01,Plate_58,E06,Female
7942337,206967090030,R06C01,Plate_58,F06,Female
7942394,206967090030,R07C01,Plate_58,G06,Male
7943921,206967090030,R08C01,Plate_58,H06,Male
7716582,206967090050,R01C01,Plate_58,A07,Female
7716616,206967090050,R02C01,Plate_58,B07,Female
7935836,206967090050,R03C01,Plate_58,C07,Female
7935869,206967090050,R04C01,Plate_58,D07,Male
7939887,206967090050,R05C01,Plate_58,E07,Male
7939911,206967090050,R06C01,Plate_58,F07,Male
7939937,206967090050,R07C01,Plate_58,G07,Male
7939960,206967090050,R08C01,Plate_58,H07,Male
7939994,206967090069,R01C01,Plate_58,A08,Male
7940034,206967090069,R02C01,Plate_58,B08,Male
7940067,206967090069,R03C01,Plate_58,C08,Male
7940091,206967090069,R04C01,Plate_58,D08,Male
7945090,206967090069,R05C01,Plate_58,E08,Male
7945124,206967090069,R06C01,Plate_58,F08,Female
7834351,206967090069,R07C01,Plate_58,G08,Male
7834385,206967090069,R08C01,Plate_58,H08,Male
7835796,206967080078,R01C01,Plate_58,A09,Female
7835820,206967080078,R02C01,Plate_58,B09,Male
7837263,206967080078,R03C01,Plate_58,C09,Male
7837297,206967080078,R04C01,Plate_58,D09,Male
7837321,206967080078,R05C01,Plate_58,E09,Female
7935927,206967080078,R06C01,Plate_58,F09,Male
7935950,206967080078,R07C01,Plate_58,G09,Male
7835085,206967080078,R08C01,Plate_58,H09,Male
7837230,206967090083,R01C01,Plate_58,A10,Male
7837354,206967090083,R02C01,Plate_58,B10,Female
7837388,206967090083,R03C01,Plate_58,C10,Male
7837412,206967090083,R04C01,Plate_58,D10,Female
7837446,206967090083,R05C01,Plate_58,E10,Female
7935893,206967090083,R06C01,Plate_58,F10,Male
7836513,206967090083,R07C01,Plate_58,G10,Male
7836547,206967090083,R08C01,Plate_58,H10,Male
7836570,206967080087,R01C01,Plate_58,A11,Male
7851637,206967080087,R02C01,Plate_58,B11,Male
7851660,206967080087,R03C01,Plate_58,C11,Male
7935984,206967080087,R04C01,Plate_58,D11,Female
7835119,206967080087,R05C01,Plate_58,E11,Male
7835143,206967080087,R06C01,Plate_58,F11,Male
7836604,206967080087,R07C01,Plate_58,G11,Male
7853799,206967080087,R08C01,Plate_58,H11,Male
7936016,206967090102,R01C01,Plate_58,A12,Male
7944853,206967090102,R02C01,Plate_58,B12,Male
7944887,206967090102,R03C01,Plate_58,C12,Male
7851694,206967090102,R04C01,Plate_58,D12,Female
7851728,206967090102,R05C01,Plate_58,E12,Female
7851751,206967090102,R06C01,Plate_58,F12,Male
7851785,206967090102,R07C01,Plate_58,G12,Female
7851819,206967090102,R08C01,Plate_58,H12,Female
7950595,206967090032,R01C01,Plate_59,A01,Female
7950629,206967090032,R02C01,Plate_59,B01,Male
7950652,206967090032,R03C01,Plate_59,C01,Female
7950686,206967090032,R04C01,Plate_59,D01,Male
7951791,206967090032,R05C01,Plate_59,E01,Male
7951825,206967090032,R06C01,Plate_59,F01,Male
7954670,206967090032,R07C01,Plate_59,G01,Female
7954704,206967090032,R08C01,Plate_59,H01,Female
7954738,206967090043,R01C01,Plate_59,A02,Male
7954761,206967090043,R02C01,Plate_59,B02,Female
7836638,206967090043,R03C01,Plate_59,C02,Male
7836661,206967090043,R04C01,Plate_59,D02,Female
7951866,206967090043,R05C01,Plate_59,E02,Male
7954795,206967090043,R06C01,Plate_59,F02,Male
7954829,206967090043,R07C01,Plate_59,G02,Female
7954852,206967090043,R08C01,Plate_59,H02,Male
7954886,206967090046,R01C01,Plate_59,A03,Male
7950116,206967090046,R02C01,Plate_59,B03,Female
7950140,206967090046,R03C01,Plate_59,C03,Male
7950173,206967090046,R04C01,Plate_59,D03,Male
7950207,206967090046,R05C01,Plate_59,E03,Male
7950231,206967090046,R06C01,Plate_59,F03,Male
7950264,206967090046,R07C01,Plate_59,G03,Male
7950298,206967090046,R08C01,Plate_59,H03,Male
7950322,206967090053,R01C01,Plate_59,A04,Male
7950710,206967090053,R02C01,Plate_59,B04,Male
7950744,206967090053,R03C01,Plate_59,C04,Male
7950777,206967090053,R04C01,Plate_59,D04,Female
7950801,206967090053,R05C01,Plate_59,E04,Male
7951072,206967090053,R06C01,Plate_59,F04,Male
7951908,206967090053,R07C01,Plate_59,G04,Female
7951932,206967090053,R08C01,Plate_59,H04,Male
7951965,206967090054,R01C01,Plate_59,A05,Male
7951106,206967090054,R02C01,Plate_59,B05,Female
7951130,206967090054,R03C01,Plate_59,C05,Female
7951163,206967090054,R04C01,Plate_59,D05,Female
7951197,206967090054,R05C01,Plate_59,E05,Male
7951221,206967090054,R06C01,Plate_59,F05,Male
7951999,206967090054,R07C01,Plate_59,G05,Male
7953714,206967090054,R08C01,Plate_59,H05,Female
7953748,206967090085,R01C01,Plate_59,A06,Male
7953771,206967090085,R02C01,Plate_59,B06,Male
7851843,206967090085,R03C01,Plate_59,C06,Female
7952278,206967090085,R04C01,Plate_59,D06,Male
7952302,206967090085,R05C01,Plate_59,E06,Male
7952757,206967090085,R06C01,Plate_59,F06,Male
7952781,206967090085,R07C01,Plate_59,G06,Male
7952815,206967090085,R08C01,Plate_59,H06,Male
7953474,206967090089,R01C01,Plate_59,A07,Male
7953508,206967090089,R02C01,Plate_59,B07,Male
7953953,206967090089,R03C01,Plate_59,C07,Male
7953987,206967090089,R04C01,Plate_59,D07,Male
7954019,206967090089,R05C01,Plate_59,E07,Male
7954043,206967090089,R06C01,Plate_59,F07,Male
7950835,206967090089,R07C01,Plate_59,G07,Male
7950868,206967090089,R08C01,Plate_59,H07,Male
7952336,206967090100,R01C01,Plate_59,A08,Female
7952369,206967090100,R02C01,Plate_59,B08,Male
7952393,206967090100,R03C01,Plate_59,C08,Male
7952427,206967090100,R04C01,Plate_59,D08,Male
7952849,206967090100,R05C01,Plate_59,E08,Female
7952872,206967090100,R06C01,Plate_59,F08,Male
7952906,206967090100,R07C01,Plate_59,G08,Male
7953805,206967090100,R08C01,Plate_59,H08,Female
7953839,206967080019,R01C01,Plate_59,A09,Male
7954076,206967080019,R02C01,Plate_59,B09,Female
7954100,206967080019,R03C01,Plate_59,C09,Male
7954134,206967080019,R04C01,Plate_59,D09,Female
7954167,206967080019,R05C01,Plate_59,E09,Female
7951254,206967080019,R06C01,Plate_59,F09,Male
7952930,206967080019,R07C01,Plate_59,G09,Female
7953862,206967080019,R08C01,Plate_59,H09,Male
7953896,206967080074,R01C01,Plate_59,A10,Male
7953920,206967080074,R02C01,Plate_59,B10,Male
7954431,206967080074,R03C01,Plate_59,C10,Male
7954464,206967080074,R04C01,Plate_59,D10,Male
7954498,206967080074,R05C01,Plate_59,E10,Male
7954522,206967080074,R06C01,Plate_59,F10,Male
7954191,206967080074,R07C01,Plate_59,G10,Male
7954225,206967080074,R08C01,Plate_59,H10,Male
7954258,206967080075,R01C01,Plate_59,A11,Female
7954282,206967080075,R02C01,Plate_59,B11,Male
7954316,206967080075,R03C01,Plate_59,C11,Male
7954555,206967080075,R04C01,Plate_59,D11,Female
7954589,206967080075,R05C01,Plate_59,E11,Male
7954613,206967080075,R06C01,Plate_59,F11,Male
7953532,206967080075,R07C01,Plate_59,G11,Female
7953565,206967080075,R08C01,Plate_59,H11,Male
7954647,206967080085,R01C01,Plate_59,A12,Male
7941438,206967080085,R02C01,Plate_59,B12,Male
7952963,206967080085,R03C01,Plate_59,C12,Male
7953599,206967080085,R04C01,Plate_59,D12,Female
7941461,206967080085,R05C01,Plate_59,E12,Male
7952039,206967080085,R06C01,Plate_59,F12,Male
7953623,206967080085,R07C01,Plate_59,G12,Female
7951312,206967080085,R08C01,Plate_59,H12,Female
7823826,206680900098,R01C01,Plate_06,A01,Male
7823859,206680900098,R02C01,Plate_06,B01,Male
7823883,206680900098,R03C01,Plate_06,C01,Male
7823917,206680900098,R04C01,Plate_06,D01,Male
7823941,206680900098,R05C01,Plate_06,E01,Female
7823974,206680900098,R06C01,Plate_06,F01,Male
7824006,206680900098,R07C01,Plate_06,G01,Female
7813710,206680900098,R08C01,Plate_06,H01,Female
7813744,206680900099,R01C01,Plate_06,A02,Male
7813777,206680900099,R02C01,Plate_06,B02,Male
7813801,206680900099,R03C01,Plate_06,C02,Male
7813835,206680900099,R04C01,Plate_06,D02,Female
7819386,206680900099,R05C01,Plate_06,E02,Male
7819410,206680900099,R06C01,Plate_06,F02,Female
7823222,206680900099,R07C01,Plate_06,G02,Female
7823255,206680900099,R08C01,Plate_06,H02,Female
7823289,206680900104,R01C01,Plate_06,A03,Male
7823313,206680900104,R02C01,Plate_06,B03,Female
7823347,206680900104,R03C01,Plate_06,C03,Female
7823370,206680900104,R04C01,Plate_06,D03,Male
7813868,206680900104,R05C01,Plate_06,E03,Male
7813892,206680900104,R06C01,Plate_06,F03,Female
7813926,206680900104,R07C01,Plate_06,G03,Male
7814197,206680900104,R08C01,Plate_06,H03,Male
7814221,206680900105,R01C01,Plate_06,A04,Female
7818990,206680900105,R02C01,Plate_06,B04,Female
7819022,206680900105,R03C01,Plate_06,C04,Female
7819055,206680900105,R04C01,Plate_06,D04,Female
7819089,206680900105,R05C01,Plate_06,E04,Female
7819444,206680900105,R06C01,Plate_06,F04,Female
7823404,206680900105,R07C01,Plate_06,G04,Female
7823438,206680900105,R08C01,Plate_06,H04,Male
7823461,206680910020,R01C01,Plate_06,A05,Male
7823495,206680910020,R02C01,Plate_06,B05,Female
7823529,206680910020,R03C01,Plate_06,C05,Male
7814254,206680910020,R04C01,Plate_06,D05,Male
7814288,206680910020,R05C01,Plate_06,E05,Male
7814312,206680910020,R06C01,Plate_06,F05,Male
7814346,206680910020,R07C01,Plate_06,G05,Male
7814379,206680910020,R08C01,Plate_06,H05,Male
7814403,206680910021,R01C01,Plate_06,A06,Male
7818750,206680910021,R02C01,Plate_06,B06,Male
7818784,206680910021,R03C01,Plate_06,C06,Female
7818818,206680910021,R04C01,Plate_06,D06,Male
7818842,206680910021,R05C01,Plate_06,E06,Male
7818875,206680910021,R06C01,Plate_06,F06,Female
7819113,206680910021,R07C01,Plate_06,G06,Female
7819147,206680910021,R08C01,Plate_06,H06,Female
7819170,206680910034,R01C01,Plate_06,A07,Female
7819204,206680910034,R02C01,Plate_06,B07,Male
7823552,206680910034,R03C01,Plate_06,C07,Male
7823586,206680910034,R04C01,Plate_06,D07,Female
7823610,206680910034,R05C01,Plate_06,E07,Male
7823644,206680910034,R06C01,Plate_06,F07,Female
7823677,206680910034,R07C01,Plate_06,G07,Male
7823701,206680910034,R08C01,Plate_06,H07,Male
7818511,206680910045,R01C01,Plate_06,A08,Male
7818545,206680910045,R02C01,Plate_06,B08,Female
7818909,206680910045,R03C01,Plate_06,C08,Female
7818933,206680910045,R04C01,Plate_06,D08,Female
7818966,206680910045,R05C01,Plate_06,E08,Male
7822836,206680910045,R06C01,Plate_06,F08,Female
7822869,206680910045,R07C01,Plate_06,G08,Male
7822893,206680910045,R08C01,Plate_06,H08,Male
7822927,206680900081,R01C01,Plate_06,A09,Male
7822950,206680900081,R02C01,Plate_06,B09,Female
7822984,206680900081,R03C01,Plate_06,C09,Female
7823735,206680900081,R04C01,Plate_06,D09,Male
7823768,206680900081,R05C01,Plate_06,E09,Male
7818271,206680900081,R06C01,Plate_06,F09,Male
7818305,206680900081,R07C01,Plate_06,G09,Female
7818339,206680900081,R08C01,Plate_06,H09,Male
7818362,206680900160,R01C01,Plate_06,A10,Male
7818396,206680900160,R02C01,Plate_06,B10,Female
7818420,206680900160,R03C01,Plate_06,C10,Male
7818453,206680900160,R04C01,Plate_06,D10,Male
7818487,206680900160,R05C01,Plate_06,E10,Female
7818578,206680900160,R06C01,Plate_06,F10,Female
7818602,206680900160,R07C01,Plate_06,G10,Male
7818636,206680900160,R08C01,Plate_06,H10,Female
7818669,206680900174,R01C01,Plate_06,A11,Male
7818693,206680900174,R02C01,Plate_06,B11,Male
7818727,206680900174,R03C01,Plate_06,C11,Female
7819477,206680900174,R04C01,Plate_06,D11,Male
7819501,206680900174,R05C01,Plate_06,E11,Male
7819535,206680900174,R06C01,Plate_06,F11,Male
7819717,206680900174,R07C01,Plate_06,G11,Female
7819741,206680900174,R08C01,Plate_06,H11,Male
7819774,206680900175,R01C01,Plate_06,A12,Male
7819808,206680900175,R02C01,Plate_06,B12,Female
7819832,206680900175,R03C01,Plate_06,C12,Male
7819865,206680900175,R04C01,Plate_06,D12,Male
7819899,206680900175,R05C01,Plate_06,E12,Female
7819923,206680900175,R06C01,Plate_06,F12,Female
7822117,206680900175,R07C01,Plate_06,G12,Male
7822141,206680900175,R08C01,Plate_06,H12,Male
7951346,206967080091,R01C01,Plate_60,A01,Male
7952062,206967080091,R02C01,Plate_60,B01,Male
7952096,206967080091,R03C01,Plate_60,C01,Female
7953656,206967080091,R04C01,Plate_60,D01,Male
7953680,206967080091,R05C01,Plate_60,E01,Male
7954340,206967080091,R06C01,Plate_60,F01,Female
7954373,206967080091,R07C01,Plate_60,G01,Female
7954407,206967080091,R08C01,Plate_60,H01,Female
7952138,206967080093,R01C01,Plate_60,A02,Male
7952450,206967080093,R02C01,Plate_60,B02,Female
7952997,206967080093,R03C01,Plate_60,C02,Male
7852353,206967080093,R04C01,Plate_60,D02,Male
7852387,206967080093,R05C01,Plate_60,E02,Male
7852478,206967080093,R06C01,Plate_60,F02,Female
7852502,206967080093,R07C01,Plate_60,G02,Male
7853070,206967080093,R08C01,Plate_60,H02,Male
7853104,206967080100,R01C01,Plate_60,A03,Male
7853138,206967080100,R02C01,Plate_60,B03,Male
7853161,206967080100,R03C01,Plate_60,C03,Female
7853195,206967080100,R04C01,Plate_60,D03,Male
7853229,206967080100,R05C01,Plate_60,E03,Female
7853252,206967080100,R06C01,Plate_60,F03,Male
7853286,206967080100,R07C01,Plate_60,G03,Male
7852536,206967080100,R08C01,Plate_60,H03,Male
7852569,206967080102,R01C01,Plate_60,A04,Male
7853823,206967080102,R02C01,Plate_60,B04,Male
7952518,206967080102,R03C01,Plate_60,C04,Male
7952542,206967080102,R04C01,Plate_60,D04,Male
7952575,206967080102,R05C01,Plate_60,E04,Male
7952609,206967080102,R06C01,Plate_60,F04,Male
7952633,206967080102,R07C01,Plate_60,G04,Female
7952666,206967080102,R08C01,Plate_60,H04,Male
7952690,206966360017,R01C01,Plate_60,A05,Male
7952724,206966360017,R02C01,Plate_60,B05,Male
7834419,206966360017,R03C01,Plate_60,C05,Male
7834443,206966360017,R04C01,Plate_60,D05,Male
7834476,206966360017,R05C01,Plate_60,E05,Male
7834500,206966360017,R06C01,Plate_60,F05,Male
7834534,206966360017,R07C01,Plate_60,G05,Male
7834567,206966360017,R08C01,Plate_60,H05,Female
7936073,206966360018,R01C01,Plate_60,A06,Female
7937006,206966360018,R02C01,Plate_60,B06,Female
7937246,206966360018,R03C01,Plate_60,C06,Male
7937279,206966360018,R04C01,Plate_60,D06,Male
7937303,206966360018,R05C01,Plate_60,E06,Male
7937337,206966360018,R06C01,Plate_60,F06,Male
7953052,206966360018,R07C01,Plate_60,G06,Male
7953086,206966360018,R08C01,Plate_60,H06,Male
7936107,206966360032,R01C01,Plate_60,A07,Male
7936131,206966360032,R02C01,Plate_60,B07,Male
7936164,206966360032,R03C01,Plate_60,C07,Male
7936198,206966360032,R04C01,Plate_60,D07,Male
7936222,206966360032,R05C01,Plate_60,E07,Male
7937030,206966360032,R06C01,Plate_60,F07,Female
7937063,206966360032,R07C01,Plate_60,G07,Male
7937097,206966360032,R08C01,Plate_60,H07,Male
7937121,206966360033,R01C01,Plate_60,A08,Male
7937360,206966360033,R02C01,Plate_60,B08,Female
7937394,206966360033,R03C01,Plate_60,C08,Female
7937428,206966360033,R04C01,Plate_60,D08,Male
7937451,206966360033,R05C01,Plate_60,E08,Female
7942758,206966360033,R06C01,Plate_60,F08,Male
7942782,206966360033,R07C01,Plate_60,G08,Female
7942543,206966360033,R08C01,Plate_60,H08,Female
7942576,206967080006,R01C01,Plate_60,A09,Male
7942600,206967080006,R02C01,Plate_60,B09,Male
7942816,206967080006,R03C01,Plate_60,C09,Female
7942840,206967080006,R04C01,Plate_60,D09,Female
7942873,206967080006,R05C01,Plate_60,E09,Female
7953110,206967080006,R06C01,Plate_60,F09,Female
7953144,206967080006,R07C01,Plate_60,G09,
7937485,206967080006,R08C01,Plate_60,H09,Male
7937519,206966360035,R01C01,Plate_60,A10,Male
7937543,206966360035,R02C01,Plate_60,B10,Male
7937600,206966360035,R03C01,Plate_60,C10,Female
7938079,206966360035,R04C01,Plate_60,D10,Male
7938103,206966360035,R05C01,Plate_60,E10,Male
7938137,206966360035,R06C01,Plate_60,F10,Male
7942634,206966360035,R07C01,Plate_60,G10,Male
7942667,206966360035,R08C01,Plate_60,H10,Female
7942691,206966360045,R01C01,Plate_60,A11,Male
7942725,206966360045,R02C01,Plate_60,B11,Male
7942907,206966360045,R03C01,Plate_60,C11,Male
7942931,206966360045,R04C01,Plate_60,D11,Male
7942964,206966360045,R05C01,Plate_60,E11,Female
7952161,206966360045,R06C01,Plate_60,F11,Male
7952195,206966360045,R07C01,Plate_60,G11,Male
7952229,206966360045,R08C01,Plate_60,H11,Male
7937725,206966360106,R01C01,Plate_60,A12,Male
7937758,206966360106,R02C01,Plate_60,B12,Female
7937782,206966360106,R03C01,Plate_60,C12,Male
7937816,206966360106,R04C01,Plate_60,D12,Female
7937840,206966360106,R05C01,Plate_60,E12,Female
7937873,206966360106,R06C01,Plate_60,F12,Male
7937907,206966360106,R07C01,Plate_60,G12,Male
7937931,206966360106,R08C01,Plate_60,H12,Male
7938160,206972330005,R01C01,Plate_61,A01,Female
7951445,206972330005,R02C01,Plate_61,B01,Male
7951478,206972330005,R03C01,Plate_61,C01,Male
7951502,206972330005,R04C01,Plate_61,D01,Male
7951551,206972330005,R05C01,Plate_61,E01,Female
7951585,206972330005,R06C01,Plate_61,F01,Female
7951619,206972330005,R07C01,Plate_61,G01,Male
7951676,206972330005,R08C01,Plate_61,H01,Female
7951700,206972330006,R01C01,Plate_61,A02,Male
7952252,206972330006,R02C01,Plate_61,B02,Female
7953235,206972330006,R03C01,Plate_61,C02,Male
7953268,206972330006,R04C01,Plate_61,D02,Female
7953292,206972330006,R05C01,Plate_61,E02,Female
7959711,206972330006,R06C01,Plate_61,F02,Female
7959745,206972330006,R07C01,Plate_61,G02,Female
7937634,206972330006,R08C01,Plate_61,H02,Male
7937667,206966370009,R01C01,Plate_61,A03,Male
7956592,206966370009,R02C01,Plate_61,B03,Male
7956626,206966370009,R03C01,Plate_61,C03,Female
7956659,206966370009,R04C01,Plate_61,D03,Male
7958754,206966370009,R05C01,Plate_61,E03,Male
7958788,206966370009,R06C01,Plate_61,F03,Male
7958812,206966370009,R07C01,Plate_61,G03,Male
7958846,206966370009,R08C01,Plate_61,H03,Male
7958879,206966370084,R01C01,Plate_61,A04,Male
7964190,206966370084,R02C01,Plate_61,B04,Female
7964224,206966370084,R03C01,Plate_61,C04,Male
7964257,206966370084,R04C01,Plate_61,D04,Female
7964281,206966370084,R05C01,Plate_61,E04,Male
7964315,206966370084,R06C01,Plate_61,F04,Female
7964349,206966370084,R07C01,Plate_61,G04,Male
7953326,206966370084,R08C01,Plate_61,H04,Male
7953359,206966370094,R01C01,Plate_61,A05,Male
7956683,206966370094,R02C01,Plate_61,B05,Male
7958903,206966370094,R03C01,Plate_61,C05,Female
7956717,206966370094,R04C01,Plate_61,D05,Female
7958937,206966370094,R05C01,Plate_61,E05,Male
7958960,206966370094,R06C01,Plate_61,F05,Female
7958994,206966370094,R07C01,Plate_61,G05,Male
7959026,206966370094,R08C01,Plate_61,H05,Female
7959059,206972320103,R01C01,Plate_61,A06,Male
7962244,206972320103,R02C01,Plate_61,B06,Male
7951734,206972320103,R03C01,Plate_61,C06,Male
7953383,206972320103,R04C01,Plate_61,D06,Female
7953417,206972320103,R05C01,Plate_61,E06,Male
7956741,206972320103,R06C01,Plate_61,F06,Male
7956352,206972320103,R07C01,Plate_61,G06,Female
7956386,206972320103,R08C01,Plate_61,H06,Female
7956410,206972320104,R01C01,Plate_61,A07,Male
7956774,206972320104,R02C01,Plate_61,B07,Male
7956808,206972320104,R03C01,Plate_61,C07,Male
7956832,206972320104,R04C01,Plate_61,D07,Female
7956865,206972320104,R05C01,Plate_61,E07,Male
7959083,206972320104,R06C01,Plate_61,F07,Female
7959117,206972320104,R07C01,Plate_61,G07,Male
7959141,206972320104,R08C01,Plate_61,H07,Female
7962152,206972320108,R01C01,Plate_61,A08,Female
7962186,206972320108,R02C01,Plate_61,B08,Male
7962210,206972320108,R03C01,Plate_61,C08,Male
7953441,206972320108,R04C01,Plate_61,D08,Male
7956444,206972320108,R05C01,Plate_61,E08,Female
7956477,206972320108,R06C01,Plate_61,F08,Male
7956899,206972320108,R07C01,Plate_61,G08,Female
7956923,206972320108,R08C01,Plate_61,H08,Male
7956956,206966360028,R01C01,Plate_61,A09,Male
7959174,206966360028,R02C01,Plate_61,B09,Female
7959208,206966360028,R03C01,Plate_61,C09,Female
7962061,206966360028,R04C01,Plate_61,D09,Male
7962095,206966360028,R05C01,Plate_61,E09,Male
7962129,206966360028,R06C01,Plate_61,F09,Male
7956980,206966360028,R07C01,Plate_61,G09,Male
7957012,206966360028,R08C01,Plate_61,H09,Male
7957046,206966360029,R01C01,Plate_61,A10,Male
7963713,206966360029,R02C01,Plate_61,B10,Male
7963747,206966360029,R03C01,Plate_61,C10,Male
7963770,206966360029,R04C01,Plate_61,D10,Male
7963804,206966360029,R05C01,Plate_61,E10,Female
7963838,206966360029,R06C01,Plate_61,F10,Male
7963952,206966360029,R07C01,Plate_61,G10,Male
7963986,206966360029,R08C01,Plate_61,H10,Male
7964018,206966360038,R01C01,Plate_61,A11,Male
7964042,206966360038,R02C01,Plate_61,B11,Female
7964075,206966360038,R03C01,Plate_61,C11,Male
7964109,206966360038,R04C01,Plate_61,D11,Male
7954910,206966360038,R05C01,Plate_61,E11,Male
7957079,206966360038,R06C01,Plate_61,F11,Male
7961790,206966360038,R07C01,Plate_61,G11,Male
7962038,206966360038,R08C01,Plate_61,H11,Male
7963861,206966360048,R01C01,Plate_61,A12,Male
7963895,206966360048,R02C01,Plate_61,B12,Female
7957103,206966360048,R03C01,Plate_61,C12,Male
7957137,206966360048,R04C01,Plate_61,D12,Female
7957160,206966360048,R05C01,Plate_61,E12,Male
7957194,206966360048,R06C01,Plate_61,F12,Male
7957228,206966360048,R07C01,Plate_61,G12,Male
7961824,206966360048,R08C01,Plate_61,H12,Female
7961857,206967090074,R01C01,Plate_62,A01,Female
7961881,206967090074,R02C01,Plate_62,B01,Female
7961915,206967090074,R03C01,Plate_62,C01,Male
7961949,206967090074,R04C01,Plate_62,D01,Male
7961972,206967090074,R05C01,Plate_62,E01,Male
7962004,206967090074,R06C01,Plate_62,F01,Male
7963473,206967090074,R07C01,Plate_62,G01,Female
7963507,206967090074,R08C01,Plate_62,H01,Male
7963531,206967090075,R01C01,Plate_62,A02,Male
7963564,206967090075,R02C01,Plate_62,B02,Female
7963598,206967090075,R03C01,Plate_62,C02,Female
7963929,206967090075,R04C01,Plate_62,D02,Male
7955008,206967090075,R05C01,Plate_62,E02,Male
7957251,206967090075,R06C01,Plate_62,F02,Male
7957319,206967090075,R07C01,Plate_62,G02,Female
7957343,206967090075,R08C01,Plate_62,H02,Female
7963234,206967090078,R01C01,Plate_62,A03,Female
7954944,206967090078,R02C01,Plate_62,B03,Female
7954977,206967090078,R03C01,Plate_62,C03,Male
7957285,206967090078,R04C01,Plate_62,D03,Female
7963655,206967090078,R05C01,Plate_62,E03,Male
7963689,206967090078,R06C01,Plate_62,F03,Male
7957376,206967090078,R07C01,Plate_62,G03,Male
7959950,206967090078,R08C01,Plate_62,H03,Female
7961550,206967090087,R01C01,Plate_62,A04,Male
7963267,206967090087,R02C01,Plate_62,B04,Male
7959984,206967090087,R03C01,Plate_62,C04,Male
7961584,206967090087,R04C01,Plate_62,D04,Male
7957400,206967090087,R05C01,Plate_62,E04,Female
7957434,206967090087,R06C01,Plate_62,F04,Female
7962277,206967090087,R07C01,Plate_62,G04,Female
7962301,206967090087,R08C01,Plate_62,H04,Male
7962335,206967090088,R01C01,Plate_62,A05,Female
7962368,206967090088,R02C01,Plate_62,B05,Female
7962392,206967090088,R03C01,Plate_62,C05,Male
7962426,206967090088,R04C01,Plate_62,D05,Male
7962459,206967090088,R05C01,Plate_62,E05,Female
7962483,206967090088,R06C01,Plate_62,F05,Male
7963291,206967090088,R07C01,Plate_62,G05,Male
7957467,206967090088,R08C01,Plate_62,H05,Female
7957491,206967090090,R01C01,Plate_62,A06,Female
7963325,206967090090,R02C01,Plate_62,B06,Female
7957525,206967090090,R03C01,Plate_62,C06,Female
7963358,206967090090,R04C01,Plate_62,D06,Male
7963382,206967090090,R05C01,Plate_62,E06,Female
7950355,206967090090,R06C01,Plate_62,F06,Female
7950389,206967090090,R07C01,Plate_62,G06,Female
7950413,206967090090,R08C01,Plate_62,H06,Male
7961618,206967090099,R01C01,Plate_62,A07,Male
7961642,206967090099,R02C01,Plate_62,B07,Female
7950447,206967090099,R03C01,Plate_62,C07,Female
7950470,206967090099,R04C01,Plate_62,D07,Female
7959778,206967090099,R05C01,Plate_62,E07,Male
7959802,206967090099,R06C01,Plate_62,F07,Male
7959836,206967090099,R07C01,Plate_62,G07,Female
7959869,206967090099,R08C01,Plate_62,H07,Female
7959893,206967090110,R01C01,Plate_62,A08,Male
7959927,206967090110,R02C01,Plate_62,B08,Male
7960016,206967090110,R03C01,Plate_62,C08,Female
7957558,206967090110,R04C01,Plate_62,D08,Male
7957582,206967090110,R05C01,Plate_62,E08,Male
7957616,206967090110,R06C01,Plate_62,F08,Male
7957640,206967090110,R07C01,Plate_62,G08,Male
7958036,206967090110,R08C01,Plate_62,H08,Male
7958069,206966370006,R01C01,Plate_62,A09,Male
7958093,206966370006,R02C01,Plate_62,B09,Male
7958127,206966370006,R03C01,Plate_62,C09,Female
7958150,206966370006,R04C01,Plate_62,D09,Male
7953201,206966370006,R05C01,Plate_62,E09,Male
7958218,206966370006,R06C01,Plate_62,F09,Male
7958242,206966370006,R07C01,Plate_62,G09,Male
7958515,206966370006,R08C01,Plate_62,H09,Male
7958549,206966370007,R01C01,Plate_62,A10,Male
7958572,206966370007,R02C01,Plate_62,B10,Male
7957673,206966370007,R03C01,Plate_62,C10,Male
7957707,206966370007,R04C01,Plate_62,D10,Female
7957731,206966370007,R05C01,Plate_62,E10,Female
7957764,206966370007,R06C01,Plate_62,F10,Male
7958275,206966370007,R07C01,Plate_62,G10,Male
7958309,206966370007,R08C01,Plate_62,H10,Female
7958333,206966370032,R01C01,Plate_62,A11,Male
7958366,206966370032,R02C01,Plate_62,B11,Male
7958390,206966370032,R03C01,Plate_62,C11,Male
7958606,206966370032,R04C01,Plate_62,D11,Female
7958630,206966370032,R05C01,Plate_62,E11,Male
7958663,206966370032,R06C01,Plate_62,F11,Male
7953177,206966370032,R07C01,Plate_62,G11,Female
7958184,206966370032,R08C01,Plate_62,H11,Male
7971153,206966370049,R01C01,Plate_62,A12,Male
7971187,206966370049,R02C01,Plate_62,B12,Male
7971476,206966370049,R03C01,Plate_62,C12,Male
7971500,206966370049,R04C01,Plate_62,D12,Male
7971872,206966370049,R05C01,Plate_62,E12,Male
7971906,206966370049,R06C01,Plate_62,F12,Male
7972037,206966370049,R07C01,Plate_62,G12,Female
7972060,206966370049,R08C01,Plate_62,H12,Male
7962541,206966360058,R01C01,Plate_63,A01,Female
7962574,206966360058,R02C01,Plate_63,B01,Female
7962608,206966360058,R03C01,Plate_63,C01,Male
7962632,206966360058,R04C01,Plate_63,D01,Male
7962665,206966360058,R05C01,Plate_63,E01,Male
7962699,206966360058,R06C01,Plate_63,F01,Female
7962723,206966360058,R07C01,Plate_63,G01,Female
7971245,206966360058,R08C01,Plate_63,H01,Male
7970700,206966360072,R01C01,Plate_63,A02,Male
7970734,206966360072,R02C01,Plate_63,B02,Male
7970767,206966360072,R03C01,Plate_63,C02,Female
7962756,206966360072,R04C01,Plate_63,D02,Female
7962780,206966360072,R05C01,Plate_63,E02,Male
7962848,206966360072,R06C01,Plate_63,F02,Male
7962871,206966360072,R07C01,Plate_63,G02,Female
7962905,206966360072,R08C01,Plate_63,H02,Male
7962939,206966360100,R01C01,Plate_63,A03,Male
7970940,206966360100,R02C01,Plate_63,B03,Male
7970973,206966360100,R03C01,Plate_63,C03,Male
7971005,206966360100,R04C01,Plate_63,D03,Male
7971039,206966360100,R05C01,Plate_63,E03,Female
7971062,206966360100,R06C01,Plate_63,F03,Male
7971096,206966360100,R07C01,Plate_63,G03,Male
7971120,206966360100,R08C01,Plate_63,H03,Male
7957814,206966360110,R01C01,Plate_63,A04,Male
7957848,206966360110,R02C01,Plate_63,B04,Female
7957871,206966360110,R03C01,Plate_63,C04,Female
7970791,206966360110,R04C01,Plate_63,D04,Female
7970825,206966360110,R05C01,Plate_63,E04,Male
7970858,206966360110,R06C01,Plate_63,F04,Male
7970882,206966360110,R07C01,Plate_63,G04,Male
7971559,206966360110,R08C01,Plate_63,H04,Male
7969470,206967080027,R01C01,Plate_63,A05,Male
7969504,206967080027,R02C01,Plate_63,B05,Male
7969538,206967080027,R03C01,Plate_63,C05,Male
7969561,206967080027,R04C01,Plate_63,D05,Male
7969595,206967080027,R05C01,Plate_63,E05,Female
7980196,206967080027,R06C01,Plate_63,F05,Male
7969652,206967080027,R07C01,Plate_63,G05,Male
7972557,206967080027,R08C01,Plate_63,H05,
7973613,206967080034,R01C01,Plate_63,A06,Female
7973795,206967080034,R02C01,Plate_63,B06,Female
7973829,206967080034,R03C01,Plate_63,C06,Male
7973852,206967080034,R04C01,Plate_63,D06,Female
7973886,206967080034,R05C01,Plate_63,E06,Male
7973910,206967080034,R06C01,Plate_63,F06,Female
7973944,206967080034,R07C01,Plate_63,G06,Female
7973977,206967080034,R08C01,Plate_63,H06,Male
7974009,206967080045,R01C01,Plate_63,A07,Male
7941842,206967080045,R02C01,Plate_63,B07,Female
7941875,206967080045,R03C01,Plate_63,C07,Male
7941909,206967080045,R04C01,Plate_63,D07,Male
7941933,206967080045,R05C01,Plate_63,E07,Female
7941966,206967080045,R06C01,Plate_63,F07,Female
7942030,206967080045,R07C01,Plate_63,G07,Male
7942063,206967080045,R08C01,Plate_63,H07,Male
7942097,206967080049,R01C01,Plate_63,A08,Male
7942121,206967080049,R02C01,Plate_63,B08,Male
7942154,206967080049,R03C01,Plate_63,C08,Female
7942188,206967080049,R04C01,Plate_63,D08,Male
7942212,206967080049,R05C01,Plate_63,E08,Male
7969280,206967080049,R06C01,Plate_63,F08,Female
7970239,206967080049,R07C01,Plate_63,G08,Male
7970304,206967080049,R08C01,Plate_63,H08,Male
7987126,206967080050,R01C01,Plate_63,A09,Male
7972821,206967080050,R02C01,Plate_63,B09,Male
7972854,206967080050,R03C01,Plate_63,C09,Male
7973779,206967080050,R04C01,Plate_63,D09,Male
7942246,206967080050,R05C01,Plate_63,E09,Male
7969314,206967080050,R06C01,Plate_63,F09,Female
7972094,206967080050,R07C01,Plate_63,G09,Female
7972888,206967080050,R08C01,Plate_63,H09,Male
7972912,206967080062,R01C01,Plate_63,A10,Female
7972946,206967080062,R02C01,Plate_63,B10,Male
7972979,206967080062,R03C01,Plate_63,C10,Female
7969710,206967080062,R04C01,Plate_63,D10,Female
7969744,206967080062,R05C01,Plate_63,E10,Male
7969801,206967080062,R06C01,Plate_63,F10,Male
7969835,206967080062,R07C01,Plate_63,G10,Male
7969868,206967080062,R08C01,Plate_63,H10,Female
7969892,206967080065,R01C01,Plate_63,A11,Male
7969926,206967080065,R02C01,Plate_63,B11,Female
7970007,206967080065,R03C01,Plate_63,C11,Male
7970031,206967080065,R04C01,Plate_63,D11,Female
7969777,206967080065,R05C01,Plate_63,E11,Female
7973258,206967080065,R06C01,Plate_63,F11,Female
7973282,206967080065,R07C01,Plate_63,G11,Male
7973407,206967080065,R08C01,Plate_63,H11,Male
7973431,206967080090,R01C01,Plate_63,A12,Female
7973464,206967080090,R02C01,Plate_63,B12,Male
7973498,206967080090,R03C01,Plate_63,C12,Male
7941990,206967080090,R04C01,Plate_63,D12,Male
7959570,206967080090,R05C01,Plate_63,E12,Female
7969447,206967080090,R06C01,Plate_63,F12,Female
7970064,206967080090,R07C01,Plate_63,G12,Male
7970098,206967080090,R08C01,Plate_63,H12,Male
7970122,206966370063,R01C01,Plate_64,A01,Male
7970155,206966370063,R02C01,Plate_64,B01,Female
7973050,206966370063,R03C01,Plate_64,C01,Male
7973522,206966370063,R04C01,Plate_64,D01,Female
7978117,206966370063,R05C01,Plate_64,E01,Male
7978141,206966370063,R06C01,Plate_64,F01,Female
7978174,206966370063,R07C01,Plate_64,G01,Male
7978208,206966370063,R08C01,Plate_64,H01,Male
7974033,206966370066,R01C01,Plate_64,A02,Female
7974066,206966370066,R02C01,Plate_64,B02,Male
7974090,206966370066,R03C01,Plate_64,C02,Male
7974579,206966370066,R04C01,Plate_64,D02,Female
7974645,206966370066,R05C01,Plate_64,E02,Male
7974678,206966370066,R06C01,Plate_64,F02,Male
7974702,206966370066,R07C01,Plate_64,G02,Male
7975089,206966370066,R08C01,Plate_64,H02,Male
7975113,206966370106,R01C01,Plate_64,A03,Female
7975147,206966370106,R02C01,Plate_64,B03,Female
8007452,206966370106,R03C01,Plate_64,C03,Male
7975204,206966370106,R04C01,Plate_64,D03,Male
7975238,206966370106,R05C01,Plate_64,E03,Female
7982150,206966370106,R06C01,Plate_64,F03,Female
7982630,206966370106,R07C01,Plate_64,G03,Male
7969629,206966370106,R08C01,Plate_64,H03,Male
7970395,206966370107,R01C01,Plate_64,A04,Male
7975170,206966370107,R02C01,Plate_64,B04,Female
7983018,206966370107,R03C01,Plate_64,C04,Male
7983042,206966370107,R04C01,Plate_64,D04,Female
7983075,206966370107,R05C01,Plate_64,E04,Male
7974124,206966370107,R06C01,Plate_64,F04,Male
7974157,206966370107,R07C01,Plate_64,G04,Male
7974181,206966370107,R08C01,Plate_64,H04,Female
7974215,206972320051,R01C01,Plate_64,A05,Male
7974249,206972320051,R02C01,Plate_64,B05,Male
7974751,206972320051,R03C01,Plate_64,C05,Female
7974785,206972320051,R04C01,Plate_64,D05,Male
7974843,206972320051,R05C01,Plate_64,E05,Female
7974876,206972320051,R06C01,Plate_64,F05,Female
7976988,206972320051,R07C01,Plate_64,G05,Female
7981715,206972320051,R08C01,Plate_64,H05,Male
7981871,206972320055,R01C01,Plate_64,A06,Male
7977044,206972320055,R02C01,Plate_64,B06,Male
7977077,206972320055,R03C01,Plate_64,C06,Female
7977101,206972320055,R04C01,Plate_64,D06,Male
7977135,206972320055,R05C01,Plate_64,E06,Male
7977879,206972320055,R06C01,Plate_64,F06,Female
7977903,206972320055,R07C01,Plate_64,G06,Male
7977937,206972320055,R08C01,Plate_64,H06,Female
7977960,206972320077,R01C01,Plate_64,A07,Female
7977994,206972320077,R02C01,Plate_64,B07,Female
7978026,206972320077,R03C01,Plate_64,C07,Male
7980048,206972320077,R04C01,Plate_64,D07,Male
7980071,206972320077,R05C01,Plate_64,E07,Female
7980105,206972320077,R06C01,Plate_64,F07,Female
7980139,206972320077,R07C01,Plate_64,G07,Male
7980162,206972320077,R08C01,Plate_64,H07,Male
7980758,206972320078,R01C01,Plate_64,A08,Male
7980782,206972320078,R02C01,Plate_64,B08,Male
7980816,206972320078,R03C01,Plate_64,C08,Female
7980840,206972320078,R04C01,Plate_64,D08,Female
7980873,206972320078,R05C01,Plate_64,E08,Female
7978059,206972320078,R06C01,Plate_64,F08,Male
7980550,206972320078,R07C01,Plate_64,G08,Female
7977390,206972320078,R08C01,Plate_64,H08,Male
7977424,206972320085,R01C01,Plate_64,A09,Female
7977630,206972320085,R02C01,Plate_64,B09,Male
7977663,206972320085,R03C01,Plate_64,C09,Male
7977697,206972320085,R04C01,Plate_64,D09,Female
7977721,206972320085,R05C01,Plate_64,E09,Male
7977754,206972320085,R06C01,Plate_64,F09,Male
7977788,206972320085,R07C01,Plate_64,G09,Male
7977812,206972320085,R08C01,Plate_64,H09,Male
7977846,206972320089,R01C01,Plate_64,A10,Male
7981236,206972320089,R02C01,Plate_64,B10,Male
7981269,206972320089,R03C01,Plate_64,C10,Male
7981293,206972320089,R04C01,Plate_64,D10,Male
7981327,206972320089,R05C01,Plate_64,E10,Male
7975717,206972320089,R06C01,Plate_64,F10,Male
7975741,206972320089,R07C01,Plate_64,G10,Male
7977457,206972320089,R08C01,Plate_64,H10,Female
7977481,206972320101,R01C01,Plate_64,A11,Female
7977515,206972320101,R02C01,Plate_64,B11,Female
7981350,206972320101,R03C01,Plate_64,C11,Male
7981384,206972320101,R04C01,Plate_64,D11,Male
7981418,206972320101,R05C01,Plate_64,E11,Male
7981442,206972320101,R06C01,Plate_64,F11,Male
7975899,206972320101,R07C01,Plate_64,G11,Male
7975923,206972320101,R08C01,Plate_64,H11,Male
7975626,206972320109,R01C01,Plate_64,A12,Female
7975659,206972320109,R02C01,Plate_64,B12,Male
7977358,206972320109,R03C01,Plate_64,C12,Female
7979578,206972320109,R04C01,Plate_64,D12,Male
7979602,206972320109,R05C01,Plate_64,E12,Female
7979636,206972320109,R06C01,Plate_64,F12,Male
7979669,206972320109,R07C01,Plate_64,G12,Male
7983190,206972320109,R08C01,Plate_64,H12,Male
7983224,206959430007,R01C01,Plate_65,A01,Female
7983257,206959430007,R02C01,Plate_65,B01,Male
7975683,206959430007,R03C01,Plate_65,C01,Male
7977598,206959430007,R04C01,Plate_65,D01,Male
7978083,206959430007,R05C01,Plate_65,E01,Male
7979693,206959430007,R06C01,Plate_65,F01,Male
7979727,206959430007,R07C01,Plate_65,G01,Male
7979750,206959430007,R08C01,Plate_65,H01,Male
7980493,206959430013,R01C01,Plate_65,A02,Male
7983281,206959430013,R02C01,Plate_65,B02,Male
7983315,206959430013,R03C01,Plate_65,C02,Male
7959612,206959430013,R04C01,Plate_65,D02,Female
7959646,206959430013,R05C01,Plate_65,E02,Female
7959679,206959430013,R06C01,Plate_65,F02,Male
7990112,206959430013,R07C01,Plate_65,G02,Female
7990393,206959430013,R08C01,Plate_65,H02,Male
7990427,206959430015,R01C01,Plate_65,A03,Male
7979479,206959430015,R02C01,Plate_65,B03,Male
7979503,206959430015,R03C01,Plate_65,C03,Male
7979537,206959430015,R04C01,Plate_65,D03,Male
7989593,206959430015,R05C01,Plate_65,E03,Male
7991490,206959430015,R06C01,Plate_65,F03,Male
7991557,206959430015,R07C01,Plate_65,G03,Male
7991581,206959430015,R08C01,Plate_65,H03,Female
7991615,206959430024,R01C01,Plate_65,A04,Male
7985559,206959430024,R02C01,Plate_65,B04,Female
7985583,206959430024,R03C01,Plate_65,C04,Male
7985617,206959430024,R04C01,Plate_65,D04,Male
7985641,206959430024,R05C01,Plate_65,E04,Male
7988439,206959430024,R06C01,Plate_65,F04,Male
7988462,206959430024,R07C01,Plate_65,G04,Male
7988496,206959430024,R08C01,Plate_65,H04,Female
7988520,206959430024,R01C01,Plate_65,A05,Male
7988553,206959430024,R02C01,Plate_65,B05,Male
7990708,206959430024,R03C01,Plate_65,C05,Male
7990732,206959430024,R04C01,Plate_65,D05,Female
7991649,206959430024,R05C01,Plate_65,E05,Male
7991672,206959430024,R06C01,Plate_65,F05,Female
7992423,206959430024,R07C01,Plate_65,G05,Female
7992456,206959430024,R08C01,Plate_65,H05,Male
7992480,206959430030,R01C01,Plate_65,A06,Female
7992993,206959430030,R02C01,Plate_65,B06,Male
7993025,206959430030,R03C01,Plate_65,C06,Female
7993058,206959430030,R04C01,Plate_65,D06,Male
7993082,206959430030,R05C01,Plate_65,E06,Male
7993116,206959430030,R06C01,Plate_65,F06,Male
7993140,206959430030,R07C01,Plate_65,G06,Female
7993173,206959430030,R08C01,Plate_65,H06,Male
7993207,206959430029,R01C01,Plate_65,A07,Female
7986037,206959430029,R02C01,Plate_65,B07,Male
7986060,206959430029,R03C01,Plate_65,C07,Male
7986094,206959430029,R04C01,Plate_65,D07,Male
7986128,206959430029,R05C01,Plate_65,E07,Male
7986151,206959430029,R06C01,Plate_65,F07,Male
7988199,206959430029,R07C01,Plate_65,G07,Male
7988223,206959430029,R08C01,Plate_65,H07,Male
7988256,206959430046,R01C01,Plate_65,A08,Female
7988280,206959430046,R02C01,Plate_65,B08,Male
7988314,206959430046,R03C01,Plate_65,C08,Male
7988348,206959430046,R04C01,Plate_65,D08,Male
7988371,206959430046,R05C01,Plate_65,E08,Female
7988405,206959430046,R06C01,Plate_65,F08,Male
7988876,206959430046,R07C01,Plate_65,G08,Male
7989254,206959430046,R08C01,Plate_65,H08,Female
7989288,206959430033,R01C01,Plate_65,A09,Male
7989312,206959430033,R02C01,Plate_65,B09,Male
7989346,206959430033,R03C01,Plate_65,C09,Male
7990765,206959430033,R04C01,Plate_65,D09,Female
7990799,206959430033,R05C01,Plate_65,E09,Male
7990831,206959430033,R06C01,Plate_65,F09,Male
7990864,206959430033,R07C01,Plate_65,G09,Male
7990898,206959430033,R08C01,Plate_65,H09,Male
7990922,206972320090,R01C01,Plate_65,A10,Male
7990955,206972320090,R02C01,Plate_65,B10,Male
7990989,206972320090,R03C01,Plate_65,C10,Female
7991011,206972320090,R04C01,Plate_65,D10,Male
7991045,206972320090,R05C01,Plate_65,E10,Female
7992753,206972320090,R06C01,Plate_65,F10,Male
7993231,206972320090,R07C01,Plate_65,G10,Female
7985716,206972320090,R08C01,Plate_65,H10,Male
7985740,206972320106,R01C01,Plate_65,A11,Male
7989841,206972320106,R02C01,Plate_65,B11,Male
7991870,206972320106,R03C01,Plate_65,C11,Female
7991904,206972320106,R04C01,Plate_65,D11,Male
7991938,206972320106,R05C01,Plate_65,E11,Female
7991961,206972320106,R06C01,Plate_65,F11,Male
7991995,206972320106,R07C01,Plate_65,G11,Female
7995392,206972320106,R08C01,Plate_65,H11,Female
7995426,206972320107,R01C01,Plate_65,A12,Male
7995459,206972320107,R02C01,Plate_65,B12,Female
7995483,206972320107,R03C01,Plate_65,C12,Female
7995517,206972320107,R04C01,Plate_65,D12,Male
7995541,206972320107,R05C01,Plate_65,E12,Male
7988009,206972320107,R06C01,Plate_65,F12,Male
7993405,206972320107,R07C01,Plate_65,G12,Male
7993793,206972320107,R08C01,Plate_65,H12,Male
7987092,206967080022,R01C01,Plate_66,A01,Male
7987159,206967080022,R02C01,Plate_66,B01,Female
7987183,206967080022,R03C01,Plate_66,C01,Male
7987217,206967080022,R04C01,Plate_66,D01,Male
7987282,206967080022,R05C01,Plate_66,E01,Male
7987316,206967080022,R06C01,Plate_66,F01,Male
7987340,206967080022,R07C01,Plate_66,G01,Male
7987373,206967080022,R08C01,Plate_66,H01,Male
7987407,206967080028,R01C01,Plate_66,A02,Male
7994445,206967080028,R02C01,Plate_66,B02,Female
7994478,206967080028,R03C01,Plate_66,C02,Male
7994502,206967080028,R04C01,Plate_66,D02,Female
7995988,206967080028,R05C01,Plate_66,E02,Male
7996010,206967080028,R06C01,Plate_66,F02,Female
7996044,206967080028,R07C01,Plate_66,G02,Male
7985161,206967080028,R08C01,Plate_66,H02,Female
7985195,206967080029,R01C01,Plate_66,A03,Female
7985229,206967080029,R02C01,Plate_66,B03,Female
7985252,206967080029,R03C01,Plate_66,C03,Female
7984834,206967080029,R04C01,Plate_66,D03,Male
7984867,206967080029,R05C01,Plate_66,E03,Male
7987779,206967080029,R06C01,Plate_66,F03,Male
7987803,206967080029,R07C01,Plate_66,G03,Male
7987837,206967080029,R08C01,Plate_66,H03,Male
7994536,206967080056,R01C01,Plate_66,A04,Female
7994569,206967080056,R02C01,Plate_66,B04,Male
7994593,206967080056,R03C01,Plate_66,C04,Male
7994627,206967080056,R04C01,Plate_66,D04,Female
7994650,206967080056,R05C01,Plate_66,E04,Male
7995632,206967080056,R06C01,Plate_66,F04,Female
7996374,206967080056,R07C01,Plate_66,G04,Male
7996929,206967080056,R08C01,Plate_66,H04,Male
7985468,206967080086,R01C01,Plate_66,A05,Male
7985492,206967080086,R02C01,Plate_66,B05,Male
7985534,206967080086,R03C01,Plate_66,C05,Male
7992860,206967080086,R04C01,Plate_66,D05,Male
7992894,206967080086,R05C01,Plate_66,E05,Male
7992928,206967080086,R06C01,Plate_66,F05,Male
7992951,206967080086,R07C01,Plate_66,G05,Male
7994296,206967080086,R08C01,Plate_66,H05,Male
7994320,206967080106,R01C01,Plate_66,A06,Female
7996127,206967080106,R02C01,Plate_66,B06,Female
7996150,206967080106,R03C01,Plate_66,C06,Female
7996481,206967080106,R04C01,Plate_66,D06,Male
7984958,206967080106,R05C01,Plate_66,E06,Male
7996259,206967080106,R06C01,Plate_66,F06,Female
7996283,206967080106,R07C01,Plate_66,G06,Female
7996317,206967080106,R08C01,Plate_66,H06,Male
7998032,206967080107,R01C01,Plate_66,A07,Male
7998065,206967080107,R02C01,Plate_66,B07,Female
7998099,206967080107,R03C01,Plate_66,C07,Male
7998123,206967080107,R04C01,Plate_66,D07,Female
7998156,206967080107,R05C01,Plate_66,E07,Male
7998180,206967080107,R06C01,Plate_66,F07,Male
7998214,206967080107,R07C01,Plate_66,G07,Male
8003303,206967080107,R08C01,Plate_66,H07,Male
8003337,206967080108,R01C01,Plate_66,A08,Male
8003360,206967080108,R02C01,Plate_66,B08,Male
8003550,206967080108,R03C01,Plate_66,C08,Male
8003584,206967080108,R04C01,Plate_66,D08,Male
8003642,206967080108,R05C01,Plate_66,E08,Male
8003675,206967080108,R06C01,Plate_66,F08,Male
8007395,206967080108,R07C01,Plate_66,G08,Female
8007429,206967080108,R08C01,Plate_66,H08,Female
8001638,206966360096,R01C01,Plate_66,A09,Male
8001661,206966360096,R02C01,Plate_66,B09,Female
8001695,206966360096,R03C01,Plate_66,C09,Male
8001729,206966360096,R04C01,Plate_66,D09,Male
8001752,206966360096,R05C01,Plate_66,E09,Male
8002180,206966360096,R06C01,Plate_66,F09,Male
8002214,206966360096,R07C01,Plate_66,G09,Female
8002297,206966360096,R08C01,Plate_66,H09,Female
8002636,206966360101,R01C01,Plate_66,A10,Female
8002677,206966360101,R02C01,Plate_66,B10,Female
8002701,206966360101,R03C01,Plate_66,C10,Female
8002735,206966360101,R04C01,Plate_66,D10,Male
8002768,206966360101,R05C01,Plate_66,E10,Female
8002792,206966360101,R06C01,Plate_66,F10,Male
8003022,206966360101,R07C01,Plate_66,G10,Male
8003394,206966360101,R08C01,Plate_66,H10,Male
8003428,206966360107,R01C01,Plate_66,A11,Male
8003451,206966360107,R02C01,Plate_66,B11,Female
8004038,206966360107,R03C01,Plate_66,C11,Male
8004350,206966360107,R04C01,Plate_66,D11,Male
8004384,206966360107,R05C01,Plate_66,E11,Male
7985898,206966360107,R06C01,Plate_66,F11,Male
7985922,206966360107,R07C01,Plate_66,G11,Male
7985955,206966360107,R08C01,Plate_66,H11,Female
7986714,206966360108,R01C01,Plate_66,A12,Female
7994940,206966360108,R02C01,Plate_66,B12,Male
7998248,206966360108,R03C01,Plate_66,C12,Female
8001141,206966360108,R04C01,Plate_66,D12,Male
8001174,206966360108,R05C01,Plate_66,E12,Female
8001208,206966360108,R06C01,Plate_66,F12,Female
8001232,206966360108,R07C01,Plate_66,G12,Male
8004418,206966360108,R08C01,Plate_66,H12,Male
8004442,206959430006,R01C01,Plate_67,A01,Male
8004475,206959430006,R02C01,Plate_67,B01,Female
8007486,206959430006,R03C01,Plate_67,C01,Male
8007510,206959430006,R04C01,Plate_67,D01,Male
8007544,206959430006,R05C01,Plate_67,E01,Male
8007577,206959430006,R06C01,Plate_67,F01,Male
8007601,206959430006,R07C01,Plate_67,G01,Male
7994973,206959430006,R08C01,Plate_67,H01,Female
7995004,206959430020,R01C01,Plate_67,A02,Male
8001422,206959430020,R02C01,Plate_67,B02,Male
8001455,206959430020,R03C01,Plate_67,C02,Female
7999956,206959430020,R04C01,Plate_67,D02,Male
7999980,206959430020,R05C01,Plate_67,E02,Male
8000010,206959430020,R06C01,Plate_67,F02,Female
8000044,206959430020,R07C01,Plate_67,G02,Female
8000077,206959430020,R08C01,Plate_67,H02,Female
8000101,206959430026,R01C01,Plate_67,A03,Female
8000135,206959430026,R02C01,Plate_67,B03,Female
8004590,206959430026,R03C01,Plate_67,C03,Female
8004624,206959430026,R04C01,Plate_67,D03,Male
8004657,206959430026,R05C01,Plate_67,E03,Female
8005233,206959430026,R06C01,Plate_67,F03,Male
8005266,206959430026,R07C01,Plate_67,G03,Female
8005290,206959430026,R08C01,Plate_67,H03,Male
8005324,206959430056,R01C01,Plate_67,A04,Female
8005357,206959430056,R02C01,Plate_67,B04,Male
7999717,206959430056,R03C01,Plate_67,C04,Male
7999741,206959430056,R04C01,Plate_67,D04,Female
7999774,206959430056,R05C01,Plate_67,E04,Female
8000168,206959430056,R06C01,Plate_67,F04,Male
8000671,206959430056,R07C01,Plate_67,G04,Male
8000705,206959430056,R08C01,Plate_67,H04,Male
8005381,206959430001,R01C01,Plate_67,A05,Male
8005415,206959430001,R02C01,Plate_67,B05,Male
8005449,206959430001,R03C01,Plate_67,C05,Male
7999857,206959430001,R04C01,Plate_67,D05,Female
7999881,206959430001,R05C01,Plate_67,E05,Female
7999915,206959430001,R06C01,Plate_67,F05,Male
8005704,206959430001,R07C01,Plate_67,G05,Female
8005738,206959430001,R08C01,Plate_67,H05,Male
8005761,206959430002,R01C01,Plate_67,A06,Male
8007155,206959430002,R02C01,Plate_67,B06,Male
8007189,206959430002,R03C01,Plate_67,C06,Male
8007213,206959430002,R04C01,Plate_67,D06,Male
7972136,206959430002,R05C01,Plate_67,E06,Male
7972169,206959430002,R06C01,Plate_67,F06,Female
7973746,206959430002,R07C01,Plate_67,G06,Male
171687,206959430002,R08C01,Plate_67,H06,Male
171690,206959430023,R01C01,Plate_67,A07,Male
171693,206959430023,R02C01,Plate_67,B07,Female
171705,206959430023,R03C01,Plate_67,C07,Male
7891039,206959430023,R04C01,Plate_67,D07,Male
7890973,206959430023,R05C01,Plate_67,E07,Male
7819741,206959430023,R06C01,Plate_67,F07,Male
169388,206959430023,R07C01,Plate_67,G07,Female
164326,206959430023,R08C01,Plate_67,H07,Male
163853,206959430037,R01C01,Plate_67,A08,Male
166557,206959430037,R02C01,Plate_67,B08,Female
163682,206959430037,R03C01,Plate_67,C08,Female
163829,206959430037,R04C01,Plate_67,D08,Male
7900756,206959430037,R05C01,Plate_67,E08,Male
164308,206959430037,R06C01,Plate_67,F08,Male
164317,206959430037,R07C01,Plate_67,G08,Male
164329,206959430037,R08C01,Plate_67,H08,Male
164314,206959430047,R01C01,Plate_67,A09,Male
7860034,206959430047,R02C01,Plate_67,B09,Male
169957,206959430047,R03C01,Plate_67,C09,Male
7878721,206959430047,R04C01,Plate_67,D09,Male
164365,206959430047,R05C01,Plate_67,E09,Male
164356,206959430047,R06C01,Plate_67,F09,Female
164332,206959430047,R07C01,Plate_67,G09,Male
7889983,206959430047,R08C01,Plate_67,H09,Female
7883168,206959430053,R01C01,Plate_67,A10,Male
163439,206959430053,R02C01,Plate_67,B10,Male
164362,206959430053,R03C01,Plate_67,C10,Female
164835,206959430053,R04C01,Plate_67,D10,Female
7970858,206959430053,R05C01,Plate_67,E10,Male
7890221,206959430053,R06C01,Plate_67,F10,Female
171250,206959430053,R07C01,Plate_67,G10,Male
7820434,206959430053,R08C01,Plate_67,H10,Male
7939739,206959430054,R01C01,Plate_67,A11,Male
171253,206959430054,R02C01,Plate_67,B11,Female
164338,206959430054,R03C01,Plate_67,C11,Female
164604,206959430054,R04C01,Plate_67,D11,Male
7895568,206959430054,R05C01,Plate_67,E11,Male
164175,206959430054,R06C01,Plate_67,F11,Female
170331,206959430054,R07C01,Plate_67,G11,Female
7904162,206959430054,R08C01,Plate_67,H11,Female
171932,206959430055,R01C01,Plate_67,A12,Male
7890809,206959430055,R02C01,Plate_67,B12,Male
166267,206959430055,R03C01,Plate_67,C12,Male
165969,206959430055,R04C01,Plate_67,D12,Female
166495,206959430055,R05C01,Plate_67,E12,Female
7978208,206959430055,R06C01,Plate_67,F12,Male
7936735,206959430055,R07C01,Plate_67,G12,Male
166546,206959430055,R08C01,Plate_67,H12,Female
7822174,206680900110,R01C01,Plate_07,A01,Male
7822208,206680900110,R02C01,Plate_07,B01,Male
7822232,206680900110,R03C01,Plate_07,C01,Female
7822265,206680900110,R04C01,Plate_07,D01,Female
7822299,206680900110,R05C01,Plate_07,E01,Female
7822323,206680900110,R06C01,Plate_07,F01,Female
7822596,206680900110,R07C01,Plate_07,G01,Female
7822620,206680900110,R08C01,Plate_07,H01,Male
7822653,206680900111,R01C01,Plate_07,A02,Male
7822687,206680900111,R02C01,Plate_07,B02,Male
7822711,206680900111,R03C01,Plate_07,C02,Male
7823016,206680900111,R04C01,Plate_07,D02,Male
7823040,206680900111,R05C01,Plate_07,E02,Male
7827876,206680900111,R06C01,Plate_07,F02,Male
7819568,206680900111,R07C01,Plate_07,G02,Male
7819626,206680900111,R08C01,Plate_07,H02,Female
7822356,206680900152,R01C01,Plate_07,A03,Male
7822745,206680900152,R02C01,Plate_07,B03,Male
7822778,206680900152,R03C01,Plate_07,C03,Male
7822802,206680900152,R04C01,Plate_07,D03,Female
7827918,206680900152,R05C01,Plate_07,E03,Male
7827942,206680900152,R06C01,Plate_07,F03,Male
7827975,206680900152,R07C01,Plate_07,G03,Female
7828007,206680900152,R08C01,Plate_07,H03,Female
7828031,206680900153,R01C01,Plate_07,A04,Female
7822380,206680900153,R02C01,Plate_07,B04,Female
7822414,206680900153,R03C01,Plate_07,C04,Male
7822448,206680900153,R04C01,Plate_07,D04,Male
7822471,206680900153,R05C01,Plate_07,E04,Female
7822505,206680900153,R06C01,Plate_07,F04,Female
7822539,206680900153,R07C01,Plate_07,G04,Female
7822562,206680900153,R08C01,Plate_07,H04,Female
7827637,206680900154,R01C01,Plate_07,A05,Female
7827660,206680900154,R02C01,Plate_07,B05,Male
7827694,206680900154,R03C01,Plate_07,C05,Male
7828064,206680900154,R04C01,Plate_07,D05,Male
7830755,206680900154,R05C01,Plate_07,E05,Female
7830789,206680900154,R06C01,Plate_07,F05,Male
7830813,206680900154,R07C01,Plate_07,G05,Male
7830847,206680900154,R08C01,Plate_07,H05,Female
7830870,206680900155,R01C01,Plate_07,A06,Female
7830904,206680900155,R02C01,Plate_07,B06,Male
7830938,206680900155,R03C01,Plate_07,C06,Male
7830961,206680900155,R04C01,Plate_07,D06,Female
7814437,206680900155,R05C01,Plate_07,E06,Female
7814460,206680900155,R06C01,Plate_07,F06,Male
7814494,206680900155,R07C01,Plate_07,G06,Female
7814528,206680900155,R08C01,Plate_07,H06,Female
7821879,206680900168,R01C01,Plate_07,A07,Male
7821903,206680900168,R02C01,Plate_07,B07,Female
7821937,206680900168,R03C01,Plate_07,C07,Male
7821960,206680900168,R04C01,Plate_07,D07,Male
7821994,206680900168,R05C01,Plate_07,E07,Male
7822026,206680900168,R06C01,Plate_07,F07,Male
7822059,206680900168,R07C01,Plate_07,G07,Female
7827728,206680900168,R08C01,Plate_07,H07,Male
7827751,206680900169,R01C01,Plate_07,A08,Male
7827785,206680900169,R02C01,Plate_07,B08,Female
7827819,206680900169,R03C01,Plate_07,C08,Male
7813959,206680900169,R04C01,Plate_07,D08,Male
7813983,206680900169,R05C01,Plate_07,E08,Male
7814015,206680900169,R06C01,Plate_07,F08,Female
7814049,206680900169,R07C01,Plate_07,G08,Male
7814072,206680900169,R08C01,Plate_07,H08,Male
7814106,206680910018,R01C01,Plate_07,A09,Male
7814130,206680910018,R02C01,Plate_07,B09,Female
7814163,206680910018,R03C01,Plate_07,C09,Male
7814551,206680910018,R04C01,Plate_07,D09,Male
7814585,206680910018,R05C01,Plate_07,E09,Male
7814619,206680910018,R06C01,Plate_07,F09,Female
7814643,206680910018,R07C01,Plate_07,G09,Male
7827157,206680910018,R08C01,Plate_07,H09,Male
7827181,206680910052,R01C01,Plate_07,A10,Male
7827215,206680910052,R02C01,Plate_07,B10,Male
7827249,206680910052,R03C01,Plate_07,C10,Male
7827272,206680910052,R04C01,Plate_07,D10,Male
7827843,206680910052,R05C01,Plate_07,E10,Male
7828114,206680910052,R06C01,Plate_07,F10,Male
7833395,206680910052,R07C01,Plate_07,G10,Male
7826910,206680910052,R08C01,Plate_07,H10,Female
7826944,206680910065,R01C01,Plate_07,A11,Male
7826977,206680910065,R02C01,Plate_07,B11,Female
7827009,206680910065,R03C01,Plate_07,C11,Female
7827033,206680910065,R04C01,Plate_07,D11,Male
7827066,206680910065,R05C01,Plate_07,E11,Male
7827090,206680910065,R06C01,Plate_07,F11,Female
7827306,206680910065,R07C01,Plate_07,G11,Male
7827330,206680910065,R08C01,Plate_07,H11,Male
7827363,206680910067,R01C01,Plate_07,A12,Male
7828148,206680910067,R02C01,Plate_07,B12,Female
7828171,206680910067,R03C01,Plate_07,C12,Female
7828205,206680910067,R04C01,Plate_07,D12,Male
7828239,206680910067,R05C01,Plate_07,E12,Male
7828262,206680910067,R06C01,Plate_07,F12,Female
7828296,206680910067,R07C01,Plate_07,G12,Female
7828320,206680910067,R08C01,Plate_07,H12,Male
7828353,206680910076,R01C01,Plate_08,A01,Female
7828387,206680910076,R02C01,Plate_08,B01,Male
7828411,206680910076,R03C01,Plate_08,C01,Female
7828445,206680910076,R04C01,Plate_08,D01,Male
7828478,206680910076,R05C01,Plate_08,E01,Male
7828502,206680910076,R06C01,Plate_08,F01,Male
7828536,206680910076,R07C01,Plate_08,G01,Male
7828569,206680910076,R08C01,Plate_08,H01,Male
7828593,206680910084,R01C01,Plate_08,A02,Female
7832918,206680910084,R02C01,Plate_08,B02,Female
7832942,206680910084,R03C01,Plate_08,C02,Male
7832975,206680910084,R04C01,Plate_08,D02,Male
7833007,206680910084,R05C01,Plate_08,E02,Male
7833031,206680910084,R06C01,Plate_08,F02,Female
7833064,206680910084,R07C01,Plate_08,G02,Female
7833098,206680910084,R08C01,Plate_08,H02,Male
7833155,206680910085,R01C01,Plate_08,A03,Male
7833189,206680910085,R02C01,Plate_08,B03,Female
7833213,206680910085,R03C01,Plate_08,C03,Male
7833247,206680910085,R04C01,Plate_08,D03,Male
7833270,206680910085,R05C01,Plate_08,E03,Female
7833304,206680910085,R06C01,Plate_08,F03,Male
7833338,206680910085,R07C01,Plate_08,G03,Female
7833361,206680910085,R08C01,Plate_08,H03,Female
7833429,206680910086,R01C01,Plate_08,A04,Female
7833452,206680910086,R02C01,Plate_08,B04,Female
7833486,206680910086,R03C01,Plate_08,C04,Male
7833510,206680910086,R04C01,Plate_08,D04,Female
7833544,206680910086,R05C01,Plate_08,E04,Male
7833577,206680910086,R06C01,Plate_08,F04,Female
7833601,206680910086,R07C01,Plate_08,G04,Female
7827124,206680910086,R08C01,Plate_08,H04,Male
7827397,206680910016,R01C01,Plate_08,A05,Female
7827421,206680910016,R02C01,Plate_08,B05,Male
7827454,206680910016,R03C01,Plate_08,C05,Male
7827488,206680910016,R04C01,Plate_08,D05,Male
7827512,206680910016,R05C01,Plate_08,E05,Male
7827546,206680910016,R06C01,Plate_08,F05,Female
7827579,206680910016,R07C01,Plate_08,G05,Male
7828627,206680910016,R08C01,Plate_08,H05,Male
7828650,206680910076,R01C01,Plate_08,A06,Male
7828684,206680910076,R02C01,Plate_08,B06,Male
7828718,206680910076,R03C01,Plate_08,C06,Male
7828742,206680910076,R04C01,Plate_08,D06,Male
7828775,206680910076,R05C01,Plate_08,E06,Female
7828809,206680910076,R06C01,Plate_08,F06,Male
7829070,206680910076,R07C01,Plate_08,G06,Female
7829104,206680910076,R08C01,Plate_08,H06,Male
7830995,206680910082,R01C01,Plate_08,A07,Male
7831027,206680910082,R02C01,Plate_08,B07,Female
7833122,206680910082,R03C01,Plate_08,C07,Female
7826670,206680910082,R04C01,Plate_08,D07,Male
7826704,206680910082,R05C01,Plate_08,E07,Male
7826738,206680910082,R06C01,Plate_08,F07,Female
7826761,206680910082,R07C01,Plate_08,G07,Male
7826795,206680910082,R08C01,Plate_08,H07,Male
7827603,206680910083,R01C01,Plate_08,A08,Male
7829138,206680910083,R02C01,Plate_08,B08,Female
7829161,206680910083,R03C01,Plate_08,C08,Male
7829195,206680910083,R04C01,Plate_08,D08,Male
7831050,206680910083,R05C01,Plate_08,E08,Female
7831084,206680910083,R06C01,Plate_08,F08,Female
7831118,206680910083,R07C01,Plate_08,G08,Female
7831142,206680910083,R08C01,Plate_08,H08,Male
7826431,206680910088,R01C01,Plate_08,A09,Female
7826464,206680910088,R02C01,Plate_08,B09,Female
7826498,206680910088,R03C01,Plate_08,C09,Male
7826522,206680910088,R04C01,Plate_08,D09,Male
7826829,206680910088,R05C01,Plate_08,E09,Female
7826852,206680910088,R06C01,Plate_08,F09,Female
7826886,206680910088,R07C01,Plate_08,G09,Male
7828833,206680910088,R08C01,Plate_08,H09,Male
7829229,206680910089,R01C01,Plate_08,A10,Female
7829252,206680910089,R02C01,Plate_08,B10,Male
7829286,206680910089,R03C01,Plate_08,C10,Female
7832678,206680910089,R04C01,Plate_08,D10,Male
7832702,206680910089,R05C01,Plate_08,E10,Female
7832736,206680910089,R06C01,Plate_08,F10,Male
7832769,206680910089,R07C01,Plate_08,G10,Male
7832793,206680910089,R08C01,Plate_08,H10,Male
7832827,206680910092,R01C01,Plate_08,A11,Female
7832850,206680910092,R02C01,Plate_08,B11,Male
7832884,206680910092,R03C01,Plate_08,C11,Male
7826191,206680910092,R04C01,Plate_08,D11,Male
7826555,206680910092,R05C01,Plate_08,E11,Female
7826589,206680910092,R06C01,Plate_08,F11,Male
7826613,206680910092,R07C01,Plate_08,G11,Female
7826647,206680910092,R08C01,Plate_08,H11,Female
7828866,206680900171,R01C01,Plate_08,A12,Female
7828890,206680900171,R02C01,Plate_08,B12,Female
7828924,206680900171,R03C01,Plate_08,C12,Male
7828957,206680900171,R04C01,Plate_08,D12,Male
7828981,206680900171,R05C01,Plate_08,E12,Female
7829013,206680900171,R06C01,Plate_08,F12,Male
7829047,206680900171,R07C01,Plate_08,G12,Male
7829310,206680900171,R08C01,Plate_08,H12,Female
7829344,206680900010,R01C01,Plate_09,A01,Male
7831951,206680900010,R02C01,Plate_09,B01,Male
7831985,206680900010,R03C01,Plate_09,C01,Female
7832017,206680900010,R04C01,Plate_09,D01,Female
7832041,206680900010,R05C01,Plate_09,E01,Male
7832074,206680900010,R06C01,Plate_09,F01,Female
7825953,206680900010,R07C01,Plate_09,G01,Male
7825987,206680900010,R08C01,Plate_09,H01,Male
7826019,206680900015,R01C01,Plate_09,A02,Male
7826043,206680900015,R02C01,Plate_09,B02,Female
7826076,206680900015,R03C01,Plate_09,C02,Female
7826225,206680900015,R04C01,Plate_09,D02,Male
7826258,206680900015,R05C01,Plate_09,E02,Female
7826282,206680900015,R06C01,Plate_09,F02,Female
7826316,206680900015,R07C01,Plate_09,G02,Female
7826340,206680900015,R08C01,Plate_09,H02,Female
7826373,206680910017,R01C01,Plate_09,A03,Female
7826407,206680910017,R02C01,Plate_09,B03,Male
7830516,206680910017,R03C01,Plate_09,C03,Female
7830540,206680910017,R04C01,Plate_09,D03,Female
7830573,206680910017,R05C01,Plate_09,E03,Male
7830607,206680910017,R06C01,Plate_09,F03,Male
7830631,206680910017,R07C01,Plate_09,G03,Male
7830664,206680910017,R08C01,Plate_09,H03,Female
7830698,206680910054,R01C01,Plate_09,A04,Male
7831233,206680910054,R02C01,Plate_09,B04,Female
7831266,206680910054,R03C01,Plate_09,C04,Female
7831290,206680910054,R04C01,Plate_09,D04,Male
7832108,206680910054,R05C01,Plate_09,E04,Male
7832132,206680910054,R06C01,Plate_09,F04,Male
7832165,206680910054,R07C01,Plate_09,G04,Male
7832199,206680910054,R08C01,Plate_09,H04,Male
7832223,206680910068,R01C01,Plate_09,A05,Male
7829377,206680910068,R02C01,Plate_09,B05,Male
7825714,206680910068,R03C01,Plate_09,C05,Male
7825748,206680910068,R04C01,Plate_09,D05,Male
7825771,206680910068,R05C01,Plate_09,E05,Male
7825805,206680910068,R06C01,Plate_09,F05,Male
7826118,206680910068,R07C01,Plate_09,G05,Male
7826142,206680910068,R08C01,Plate_09,H05,Male
7829401,206680900069,R01C01,Plate_09,A06,Male
7829435,206680900069,R02C01,Plate_09,B06,Female
7829468,206680900069,R03C01,Plate_09,C06,Male
7829492,206680900069,R04C01,Plate_09,D06,Male
7829526,206680900069,R05C01,Plate_09,E06,Female
7829559,206680900069,R06C01,Plate_09,F06,Male
7830722,206680900069,R07C01,Plate_09,G06,Male
7825474,206680900069,R08C01,Plate_09,H06,Female
7825508,206680900075,R01C01,Plate_09,A07,Male
7825839,206680900075,R02C01,Plate_09,B07,Female
7825862,206680900075,R03C01,Plate_09,C07,Female
7825896,206680900075,R04C01,Plate_09,D07,Male
7825920,206680900075,R05C01,Plate_09,E07,Male
7829583,206680900075,R06C01,Plate_09,F07,Male
7829617,206680900075,R07C01,Plate_09,G07,Female
7829641,206680900075,R08C01,Plate_09,H07,Female
7829674,206680910091,R01C01,Plate_09,A08,Male
7829708,206680910091,R02C01,Plate_09,B08,Male
7829732,206680910091,R03C01,Plate_09,C08,Male
7829765,206680910091,R04C01,Plate_09,D08,Male
7825532,206680910091,R05C01,Plate_09,E08,Female
7825565,206680910091,R06C01,Plate_09,F08,Male
7825599,206680910091,R07C01,Plate_09,G08,Male
7829799,206680910091,R08C01,Plate_09,H08,Male
7825623,206680910073,R01C01,Plate_09,A09,Male
7825656,206680910073,R02C01,Plate_09,B09,Male
7825680,206680910073,R03C01,Plate_09,C09,Female
7829823,206680910073,R04C01,Plate_09,D09,Female
7829856,206680910073,R05C01,Plate_09,E09,Male
7829880,206680910073,R06C01,Plate_09,F09,Male
7829914,206680910073,R07C01,Plate_09,G09,Female
7829948,206680910073,R08C01,Plate_09,H09,Male
7829971,206680910074,R01C01,Plate_09,A10,Male
7830003,206680910074,R02C01,Plate_09,B10,Male
7830037,206680910074,R03C01,Plate_09,C10,Male
7830060,206680910074,R04C01,Plate_09,D10,Female
7830094,206680910074,R05C01,Plate_09,E10,Female
7830128,206680910074,R06C01,Plate_09,F10,Male
7830151,206680910074,R07C01,Plate_09,G10,Male
7831712,206680910074,R08C01,Plate_09,H10,Male
7831746,206680910075,R01C01,Plate_09,A11,Male
7831779,206680910075,R02C01,Plate_09,B11,Female
7831803,206680910075,R03C01,Plate_09,C11,Female
7831837,206680910075,R04C01,Plate_09,D11,Male
7831860,206680910075,R05C01,Plate_09,E11,Male
7832439,206680910075,R06C01,Plate_09,F11,Male
7832462,206680910075,R07C01,Plate_09,G11,Female
7832496,206680910075,R08C01,Plate_09,H11,Female
7832520,206680910093,R01C01,Plate_09,A12,Male
7832553,206680910093,R02C01,Plate_09,B12,Male
7832587,206680910093,R03C01,Plate_09,C12,Female
7832611,206680910093,R04C01,Plate_09,D12,Male
7832645,206680910093,R05C01,Plate_09,E12,Female
7830185,206680910093,R06C01,Plate_09,F12,Male
7830219,206680910093,R07C01,Plate_09,G12,Male
7830243,206680910093,R08C01,Plate_09,H12,Male
